// ==========================================================================
// Surveillance SE-DS-CNN TinyML Model Header for ESP32-S3 Green Edge Computing
// Classes: 20 | Target SR: 16000Hz | Feature: PCEN 40 Mel Bands
// ==========================================================================

#ifndef MODEL_DATA_H
#define MODEL_DATA_H

#include <cstdint>

const char* const ACOUSTIC_CLASS_NAMES[] = {
    "00_forest_natural_environment_sound",
    "axe_machete_chopping",
    "campfire_crackle",
    "chainsaw",
    "drone_propeller",
    "explosive_blast",
    "footsteps",
    "footsteps_leaves",
    "gunshot",
    "handsaw",
    "heavy_machinery",
    "human_speech",
    "hunting_dog",
    "motorcycle_dirtbike",
    "shouting_screaming",
    "shoveling_digging",
    "tree_falling",
    "vehicle_engine",
    "vehicle_engines",
    "walkie_talkie",
};

const unsigned int ACOUSTIC_NUM_CLASSES = 20;

alignas(8) const unsigned char g_model[] = {
    0x1c, 0x00, 0x00, 0x00, 0x54, 0x46, 0x4c, 0x33, 0x14, 0x00, 0x20, 0x00,
    0x1c, 0x00, 0x18, 0x00, 0x14, 0x00, 0x10, 0x00, 0x0c, 0x00, 0x00, 0x00,
    0x08, 0x00, 0x04, 0x00, 0x14, 0x00, 0x00, 0x00, 0x1c, 0x00, 0x00, 0x00,
    0x8c, 0x00, 0x00, 0x00, 0xe4, 0x00, 0x00, 0x00, 0x84, 0x26, 0x00, 0x00,
    0x94, 0x26, 0x00, 0x00, 0x90, 0x6c, 0x00, 0x00, 0x03, 0x00, 0x00, 0x00,
    0x01, 0x00, 0x00, 0x00, 0x04, 0x00, 0x00, 0x00, 0xae, 0xd4, 0xff, 0xff,
    0x0c, 0x00, 0x00, 0x00, 0x1c, 0x00, 0x00, 0x00, 0x3c, 0x00, 0x00, 0x00,
    0x0f, 0x00, 0x00, 0x00, 0x73, 0x65, 0x72, 0x76, 0x69, 0x6e, 0x67, 0x5f,
    0x64, 0x65, 0x66, 0x61, 0x75, 0x6c, 0x74, 0x00, 0x01, 0x00, 0x00, 0x00,
    0x04, 0x00, 0x00, 0x00, 0x90, 0xff, 0xff, 0xff, 0x32, 0x00, 0x00, 0x00,
    0x04, 0x00, 0x00, 0x00, 0x08, 0x00, 0x00, 0x00, 0x6f, 0x75, 0x74, 0x70,
    0x75, 0x74, 0x5f, 0x30, 0x00, 0x00, 0x00, 0x00, 0x01, 0x00, 0x00, 0x00,
    0x04, 0x00, 0x00, 0x00, 0xa6, 0xd5, 0xff, 0xff, 0x04, 0x00, 0x00, 0x00,
    0x0c, 0x00, 0x00, 0x00, 0x6b, 0x65, 0x72, 0x61, 0x73, 0x5f, 0x74, 0x65,
    0x6e, 0x73, 0x6f, 0x72, 0x00, 0x00, 0x00, 0x00, 0x02, 0x00, 0x00, 0x00,
    0x34, 0x00, 0x00, 0x00, 0x04, 0x00, 0x00, 0x00, 0xdc, 0xff, 0xff, 0xff,
    0x35, 0x00, 0x00, 0x00, 0x04, 0x00, 0x00, 0x00, 0x13, 0x00, 0x00, 0x00,
    0x43, 0x4f, 0x4e, 0x56, 0x45, 0x52, 0x53, 0x49, 0x4f, 0x4e, 0x5f, 0x4d,
    0x45, 0x54, 0x41, 0x44, 0x41, 0x54, 0x41, 0x00, 0x08, 0x00, 0x0c, 0x00,
    0x08, 0x00, 0x04, 0x00, 0x08, 0x00, 0x00, 0x00, 0x34, 0x00, 0x00, 0x00,
    0x04, 0x00, 0x00, 0x00, 0x13, 0x00, 0x00, 0x00, 0x6d, 0x69, 0x6e, 0x5f,
    0x72, 0x75, 0x6e, 0x74, 0x69, 0x6d, 0x65, 0x5f, 0x76, 0x65, 0x72, 0x73,
    0x69, 0x6f, 0x6e, 0x00, 0x36, 0x00, 0x00, 0x00, 0x9c, 0x25, 0x00, 0x00,
    0x94, 0x25, 0x00, 0x00, 0x7c, 0x25, 0x00, 0x00, 0x68, 0x25, 0x00, 0x00,
    0x54, 0x25, 0x00, 0x00, 0x4c, 0x25, 0x00, 0x00, 0x38, 0x25, 0x00, 0x00,
    0x24, 0x25, 0x00, 0x00, 0xc4, 0x24, 0x00, 0x00, 0xb4, 0x1f, 0x00, 0x00,
    0xa4, 0x1d, 0x00, 0x00, 0x94, 0x1b, 0x00, 0x00, 0x84, 0x1a, 0x00, 0x00,
    0x74, 0x0e, 0x00, 0x00, 0xa4, 0x0d, 0x00, 0x00, 0xe4, 0x0b, 0x00, 0x00,
    0xb4, 0x0a, 0x00, 0x00, 0x84, 0x09, 0x00, 0x00, 0xb4, 0x08, 0x00, 0x00,
    0x24, 0x04, 0x00, 0x00, 0xb4, 0x03, 0x00, 0x00, 0xcc, 0x02, 0x00, 0x00,
    0x5c, 0x02, 0x00, 0x00, 0x74, 0x01, 0x00, 0x00, 0x6c, 0x01, 0x00, 0x00,
    0x64, 0x01, 0x00, 0x00, 0x5c, 0x01, 0x00, 0x00, 0x54, 0x01, 0x00, 0x00,
    0x4c, 0x01, 0x00, 0x00, 0x44, 0x01, 0x00, 0x00, 0x3c, 0x01, 0x00, 0x00,
    0x34, 0x01, 0x00, 0x00, 0x2c, 0x01, 0x00, 0x00, 0x24, 0x01, 0x00, 0x00,
    0x1c, 0x01, 0x00, 0x00, 0x14, 0x01, 0x00, 0x00, 0x0c, 0x01, 0x00, 0x00,
    0x04, 0x01, 0x00, 0x00, 0xfc, 0x00, 0x00, 0x00, 0xf4, 0x00, 0x00, 0x00,
    0xec, 0x00, 0x00, 0x00, 0xe4, 0x00, 0x00, 0x00, 0xdc, 0x00, 0x00, 0x00,
    0xd4, 0x00, 0x00, 0x00, 0xcc, 0x00, 0x00, 0x00, 0xc4, 0x00, 0x00, 0x00,
    0xbc, 0x00, 0x00, 0x00, 0xb4, 0x00, 0x00, 0x00, 0xac, 0x00, 0x00, 0x00,
    0xa4, 0x00, 0x00, 0x00, 0x9c, 0x00, 0x00, 0x00, 0x94, 0x00, 0x00, 0x00,
    0x74, 0x00, 0x00, 0x00, 0x04, 0x00, 0x00, 0x00, 0xfa, 0xd6, 0xff, 0xff,
    0x04, 0x00, 0x00, 0x00, 0x60, 0x00, 0x00, 0x00, 0x0c, 0x00, 0x00, 0x00,
    0x08, 0x00, 0x0e, 0x00, 0x08, 0x00, 0x04, 0x00, 0x08, 0x00, 0x00, 0x00,
    0x10, 0x00, 0x00, 0x00, 0x28, 0x00, 0x00, 0x00, 0x00, 0x00, 0x06, 0x00,
    0x08, 0x00, 0x04, 0x00, 0x06, 0x00, 0x00, 0x00, 0x04, 0x00, 0x00, 0x00,
    0x01, 0x00, 0x00, 0x00, 0xeb, 0x03, 0x00, 0x00, 0x0c, 0x00, 0x18, 0x00,
    0x14, 0x00, 0x10, 0x00, 0x0c, 0x00, 0x04, 0x00, 0x0c, 0x00, 0x00, 0x00,
    0x06, 0x3c, 0x98, 0x14, 0x15, 0x19, 0x37, 0xef, 0x02, 0x00, 0x00, 0x00,
    0x02, 0x00, 0x00, 0x00, 0x04, 0x00, 0x00, 0x00, 0x06, 0x00, 0x00, 0x00,
    0x32, 0x2e, 0x32, 0x31, 0x2e, 0x30, 0x00, 0x00, 0x66, 0xd7, 0xff, 0xff,
    0x04, 0x00, 0x00, 0x00, 0x10, 0x00, 0x00, 0x00, 0x31, 0x2e, 0x31, 0x34,
    0x2e, 0x30, 0x00, 0x00, 0x00, 0x00, 0x00, 0x00, 0x00, 0x00, 0x00, 0x00,
    0x84, 0x96, 0xff, 0xff, 0x88, 0x96, 0xff, 0xff, 0x8c, 0x96, 0xff, 0xff,
    0x90, 0x96, 0xff, 0xff, 0x94, 0x96, 0xff, 0xff, 0x98, 0x96, 0xff, 0xff,
    0x9c, 0x96, 0xff, 0xff, 0xa0, 0x96, 0xff, 0xff, 0xa4, 0x96, 0xff, 0xff,
    0xa8, 0x96, 0xff, 0xff, 0xac, 0x96, 0xff, 0xff, 0xb0, 0x96, 0xff, 0xff,
    0xb4, 0x96, 0xff, 0xff, 0xb8, 0x96, 0xff, 0xff, 0xbc, 0x96, 0xff, 0xff,
    0xc0, 0x96, 0xff, 0xff, 0xc4, 0x96, 0xff, 0xff, 0xc8, 0x96, 0xff, 0xff,
    0xcc, 0x96, 0xff, 0xff, 0xd0, 0x96, 0xff, 0xff, 0xd4, 0x96, 0xff, 0xff,
    0xd8, 0x96, 0xff, 0xff, 0xdc, 0x96, 0xff, 0xff, 0xe0, 0x96, 0xff, 0xff,
    0xe4, 0x96, 0xff, 0xff, 0xe8, 0x96, 0xff, 0xff, 0xec, 0x96, 0xff, 0xff,
    0xf0, 0x96, 0xff, 0xff, 0xf2, 0xd7, 0xff, 0xff, 0x04, 0x00, 0x00, 0x00,
    0xd8, 0x00, 0x00, 0x00, 0x10, 0x4f, 0x7f, 0x31, 0x11, 0x25, 0xcf, 0x15,
    0x39, 0xcc, 0xaa, 0x15, 0x7f, 0x60, 0x46, 0xba, 0xa5, 0xa7, 0x34, 0xde,
    0xb0, 0x12, 0xcb, 0xbc, 0x7f, 0x11, 0x28, 0xcb, 0x3c, 0xfb, 0x81, 0xf1,
    0x1f, 0x34, 0x1c, 0xd2, 0x81, 0xee, 0x7d, 0x0a, 0x1c, 0x3e, 0xbd, 0x3a,
    0xfe, 0x25, 0x62, 0xd8, 0x40, 0x42, 0x07, 0xcb, 0xdc, 0x81, 0x93, 0x4d,
    0x00, 0xe0, 0xdf, 0x2c, 0x7f, 0x94, 0x02, 0xc9, 0xe0, 0x3f, 0xd5, 0x81,
    0xf1, 0x14, 0x0e, 0xcd, 0x03, 0x81, 0x84, 0xf2, 0xcc, 0xe7, 0x18, 0xc9,
    0x8a, 0x1c, 0x70, 0xc8, 0x04, 0xba, 0x20, 0x81, 0xb0, 0x00, 0xec, 0xeb,
    0x0f, 0xa4, 0x31, 0x12, 0x39, 0x4f, 0x7f, 0xa4, 0x42, 0xe7, 0xf1, 0x0a,
    0xdb, 0x7f, 0xdb, 0xff, 0xca, 0xf6, 0x83, 0xc2, 0xfb, 0x81, 0xf6, 0x12,
    0xfb, 0xae, 0x01, 0x5c, 0xa9, 0xc0, 0xca, 0x81, 0x01, 0x3d, 0xb0, 0x81,
    0x06, 0x68, 0x00, 0x24, 0xff, 0xd7, 0xe1, 0x9c, 0x7f, 0xe6, 0x9e, 0x5f,
    0xb7, 0x08, 0x2f, 0xc8, 0x48, 0xbe, 0x0d, 0x45, 0xe5, 0x43, 0x7f, 0x2e,
    0x77, 0xe8, 0x44, 0x54, 0x01, 0x43, 0x42, 0x81, 0xff, 0xa2, 0x51, 0x81,
    0x21, 0xda, 0xe4, 0x0a, 0xc3, 0x9c, 0x56, 0x7f, 0xf0, 0xc5, 0x16, 0x4f,
    0x82, 0x30, 0xff, 0xf4, 0x7f, 0x1d, 0x0d, 0x06, 0xf2, 0xda, 0x5d, 0x2e,
    0xf1, 0x81, 0x4e, 0x11, 0xf7, 0xf5, 0xdb, 0x37, 0xd7, 0x2e, 0x82, 0x3b,
    0xeb, 0x4f, 0xdf, 0x36, 0x7f, 0x13, 0x3f, 0x09, 0x2e, 0x81, 0xff, 0x37,
    0xd3, 0xb1, 0x47, 0xe7, 0xd6, 0xd8, 0xff, 0xff, 0x04, 0x00, 0x00, 0x00,
    0x60, 0x00, 0x00, 0x00, 0xd6, 0xc8, 0xff, 0xff, 0x88, 0xfd, 0xff, 0xff,
    0xed, 0xfc, 0xff, 0xff, 0x15, 0x09, 0x00, 0x00, 0x94, 0xee, 0xff, 0xff,
    0x6d, 0xf5, 0xff, 0xff, 0xe6, 0x0a, 0x00, 0x00, 0x43, 0x24, 0x00, 0x00,
    0x11, 0x43, 0x00, 0x00, 0x1f, 0x0f, 0x00, 0x00, 0x8d, 0xe6, 0xff, 0xff,
    0xa1, 0xf8, 0xff, 0xff, 0xac, 0x10, 0x00, 0x00, 0x4c, 0x2c, 0x00, 0x00,
    0x41, 0x20, 0x00, 0x00, 0xc9, 0x0e, 0x00, 0x00, 0xb3, 0xc5, 0xff, 0xff,
    0xf5, 0xf7, 0xff, 0xff, 0xfa, 0x24, 0x00, 0x00, 0xcb, 0xee, 0xff, 0xff,
    0xca, 0xdd, 0xff, 0xff, 0xe2, 0xfc, 0xff, 0xff, 0x53, 0xd7, 0xff, 0xff,
    0x09, 0x03, 0x00, 0x00, 0x42, 0xd9, 0xff, 0xff, 0x04, 0x00, 0x00, 0x00,
    0xd8, 0x00, 0x00, 0x00, 0x5d, 0x9a, 0x23, 0xfa, 0x52, 0xd1, 0x20, 0xd7,
    0xd3, 0x27, 0xe4, 0x54, 0x07, 0x46, 0xb0, 0x59, 0x73, 0xfe, 0xd1, 0x7f,
    0x19, 0x33, 0x81, 0xca, 0xf2, 0xd8, 0xfe, 0x8f, 0x41, 0x02, 0xfc, 0x3f,
    0x93, 0xcd, 0xef, 0xf0, 0x4e, 0x41, 0xad, 0x7f, 0x34, 0xa6, 0x81, 0x43,
    0x18, 0x4a, 0xa9, 0x3a, 0x81, 0x8b, 0x81, 0x81, 0xf8, 0x08, 0x7f, 0x71,
    0x3a, 0x7f, 0x7f, 0xba, 0x2b, 0xf6, 0x1e, 0xc2, 0x7f, 0x7f, 0x95, 0x64,
    0x6a, 0x36, 0xbf, 0x7f, 0xfb, 0x56, 0xe2, 0x55, 0xe6, 0xa3, 0xed, 0x81,
    0xdb, 0x21, 0xcd, 0xc6, 0xf2, 0x0b, 0x34, 0xd7, 0x3f, 0x10, 0xf3, 0x4d,
    0x53, 0x09, 0x11, 0x60, 0x28, 0x47, 0xaf, 0x4a, 0x48, 0xbc, 0xfd, 0xd2,
    0x81, 0x91, 0x04, 0xa1, 0x7f, 0x0c, 0x18, 0x32, 0xc3, 0x23, 0xf4, 0xc6,
    0x2d, 0x7f, 0x30, 0xa2, 0xd7, 0x7f, 0x27, 0x77, 0x0a, 0x81, 0x1b, 0x1f,
    0x9b, 0x4d, 0x46, 0x81, 0xfc, 0xec, 0x19, 0x71, 0x5d, 0x68, 0xf7, 0x33,
    0x5c, 0x00, 0x21, 0xcb, 0x20, 0x57, 0x05, 0x4f, 0x26, 0x54, 0x9b, 0x86,
    0x24, 0xe8, 0xec, 0x0c, 0x08, 0xcf, 0x81, 0xa3, 0xc6, 0x1f, 0x30, 0x20,
    0x6b, 0x36, 0x38, 0xc8, 0x24, 0x21, 0xf0, 0xfc, 0x15, 0x03, 0xf5, 0xfb,
    0x52, 0x20, 0x01, 0xe2, 0x38, 0xd0, 0xae, 0xc9, 0xf3, 0xab, 0xd9, 0xfc,
    0x65, 0xd1, 0xcc, 0x0e, 0xeb, 0x62, 0xcd, 0xca, 0x81, 0xd4, 0x25, 0x2e,
    0xec, 0x22, 0x50, 0xa8, 0x0d, 0x81, 0x51, 0x05, 0x53, 0x4a, 0xf7, 0x05,
    0x7f, 0x3f, 0xe3, 0x44, 0x26, 0xda, 0xff, 0xff, 0x04, 0x00, 0x00, 0x00,
    0x60, 0x00, 0x00, 0x00, 0xc4, 0xff, 0xff, 0xff, 0x77, 0xf9, 0xff, 0xff,
    0xcd, 0x11, 0x00, 0x00, 0x5e, 0xfa, 0xff, 0xff, 0xb9, 0xf3, 0xff, 0xff,
    0x17, 0x13, 0x00, 0x00, 0x3e, 0xf7, 0xff, 0xff, 0xf8, 0x09, 0x00, 0x00,
    0xda, 0x0f, 0x00, 0x00, 0xbf, 0xf9, 0xff, 0xff, 0x5c, 0xfb, 0xff, 0xff,
    0x49, 0x1b, 0x00, 0x00, 0x57, 0xfc, 0xff, 0xff, 0xbb, 0x07, 0x00, 0x00,
    0x4e, 0x0a, 0x00, 0x00, 0xd1, 0xf4, 0xff, 0xff, 0x9f, 0xd9, 0xff, 0xff,
    0x9f, 0xf3, 0xff, 0xff, 0xe0, 0x16, 0x00, 0x00, 0x9f, 0xdf, 0xff, 0xff,
    0x50, 0xb4, 0xff, 0xff, 0x3d, 0xf3, 0xff, 0xff, 0x12, 0x0f, 0x00, 0x00,
    0x2b, 0xff, 0xff, 0xff, 0x92, 0xda, 0xff, 0xff, 0x04, 0x00, 0x00, 0x00,
    0x80, 0x04, 0x00, 0x00, 0x5a, 0xea, 0x23, 0x95, 0xf8, 0xdb, 0x31, 0x36,
    0x62, 0x01, 0xa8, 0xba, 0x08, 0xc5, 0xc1, 0xae, 0xd4, 0x28, 0xbe, 0xf1,
    0x45, 0xaf, 0x7f, 0xea, 0xed, 0xe4, 0xf1, 0x72, 0x2a, 0x14, 0x37, 0xde,
    0x42, 0xd7, 0xe2, 0x0a, 0x00, 0xf7, 0xe6, 0x30, 0x0b, 0xd3, 0xb3, 0x0d,
    0x81, 0xd9, 0x9c, 0x14, 0xae, 0x17, 0xed, 0x73, 0x23, 0x04, 0xd3, 0xc4,
    0x81, 0x19, 0xf4, 0x05, 0x10, 0xf5, 0x19, 0x31, 0x89, 0xaf, 0x12, 0x28,
    0xe3, 0xdf, 0xc6, 0x34, 0xbf, 0x78, 0x05, 0x7f, 0xdd, 0x25, 0xa0, 0x09,
    0xc6, 0xb9, 0x51, 0xbd, 0xb8, 0xae, 0xce, 0x39, 0x69, 0x26, 0x19, 0xe2,
    0x0a, 0x39, 0x62, 0xf9, 0xe9, 0x29, 0x91, 0x25, 0xdf, 0x05, 0xb9, 0xa3,
    0x81, 0xef, 0xbc, 0xb3, 0xff, 0xe9, 0xfc, 0xc0, 0xd0, 0xdb, 0x4c, 0x53,
    0x30, 0xcb, 0xcb, 0xb3, 0xed, 0x10, 0xee, 0x3c, 0x25, 0x98, 0xb6, 0xd8,
    0x04, 0xe7, 0xfa, 0x23, 0x5e, 0x38, 0xb9, 0x0f, 0x1a, 0xf8, 0x7f, 0xaa,
    0xee, 0xfe, 0x29, 0x08, 0x29, 0x2b, 0x35, 0x1e, 0x68, 0x46, 0x0b, 0xcf,
    0xf5, 0x26, 0x47, 0x5d, 0x17, 0x69, 0xc8, 0x15, 0xd1, 0xc6, 0xe1, 0x87,
    0x31, 0x59, 0x1c, 0x81, 0x7f, 0xed, 0xd0, 0xef, 0x04, 0x13, 0x21, 0x0d,
    0x13, 0x15, 0x2a, 0x3c, 0xe7, 0xbd, 0xc7, 0xf6, 0x35, 0x16, 0xf7, 0x2a,
    0xf8, 0xc5, 0xf3, 0xd6, 0x37, 0x90, 0xa4, 0x02, 0xb7, 0x54, 0xb8, 0x45,
    0xf4, 0x96, 0xfa, 0x1b, 0xae, 0x20, 0x18, 0x1e, 0x15, 0x1b, 0x81, 0xd9,
    0x37, 0x93, 0xb8, 0x23, 0x3d, 0x68, 0xb8, 0x8b, 0xb2, 0x81, 0xb1, 0x1e,
    0x43, 0x3e, 0x02, 0x3e, 0x28, 0xf7, 0xd0, 0xe3, 0x30, 0xda, 0x4a, 0xd3,
    0x1e, 0xec, 0x00, 0xd4, 0x92, 0xfe, 0x52, 0x3d, 0xde, 0xbe, 0xee, 0x9a,
    0x96, 0x1a, 0x07, 0xed, 0x7f, 0x15, 0xeb, 0x02, 0xcb, 0x1d, 0x06, 0x37,
    0x06, 0x1e, 0x02, 0xf1, 0xd5, 0x57, 0x30, 0xc7, 0x84, 0xe1, 0x2c, 0xe1,
    0x54, 0x22, 0x7f, 0xd0, 0xc1, 0xc4, 0xc1, 0xae, 0x0f, 0xf9, 0x52, 0xb7,
    0x15, 0xd7, 0x14, 0x31, 0x04, 0x7a, 0xcb, 0xf6, 0x30, 0xeb, 0x17, 0x25,
    0xda, 0x13, 0xc5, 0x8c, 0x81, 0x1a, 0x23, 0x2d, 0xc2, 0xf6, 0x38, 0xdc,
    0x14, 0x22, 0xdc, 0x91, 0xed, 0xef, 0xf1, 0x0f, 0x03, 0xdc, 0x22, 0x00,
    0x2f, 0x38, 0x07, 0xd8, 0xe6, 0xc6, 0x2d, 0xdb, 0x1c, 0x87, 0xdf, 0xfd,
    0xc3, 0x33, 0x7f, 0x42, 0xe0, 0xb5, 0xc9, 0xf3, 0x4b, 0x32, 0xe6, 0x4b,
    0xab, 0xc1, 0x1d, 0xfd, 0xf9, 0x07, 0xd9, 0xd6, 0xad, 0xe3, 0x74, 0x00,
    0x81, 0xdf, 0xd5, 0x4e, 0xeb, 0xef, 0x0d, 0x59, 0xd2, 0xe0, 0xda, 0x0b,
    0x39, 0xfe, 0xcd, 0xed, 0xf2, 0x2c, 0x12, 0x25, 0x1b, 0xa1, 0x96, 0x40,
    0x0e, 0x81, 0xc0, 0xfe, 0x2a, 0xa9, 0x4b, 0x04, 0x43, 0x4e, 0x99, 0x52,
    0x30, 0xeb, 0xa9, 0x4b, 0xc9, 0x38, 0xd4, 0x13, 0xfe, 0xc4, 0xd5, 0x81,
    0x51, 0xe9, 0x39, 0xe7, 0xfd, 0xe6, 0x2e, 0x34, 0x15, 0xec, 0x14, 0xdf,
    0x0b, 0xb8, 0xcf, 0x08, 0x69, 0x5f, 0xe7, 0x03, 0xd5, 0x2d, 0x16, 0x96,
    0x1f, 0xd9, 0xe5, 0x81, 0xed, 0x81, 0x1a, 0xd0, 0x29, 0x6b, 0xfd, 0xec,
    0x34, 0xa2, 0xd9, 0x51, 0x2a, 0x07, 0x1e, 0x4e, 0xfa, 0x12, 0xde, 0x15,
    0x0e, 0xee, 0x19, 0xb0, 0xd0, 0xdb, 0x0f, 0x1e, 0x0f, 0x5d, 0x1c, 0x10,
    0x06, 0xea, 0xe5, 0x7f, 0xf1, 0x65, 0x36, 0x4e, 0xfe, 0x17, 0x0b, 0xc3,
    0xee, 0xad, 0xf4, 0x05, 0xee, 0xdf, 0x53, 0x40, 0xcf, 0xb0, 0x7c, 0xdd,
    0x2e, 0xf1, 0x15, 0x54, 0xe8, 0x0b, 0x14, 0x84, 0xfd, 0x9a, 0xec, 0x1c,
    0xbb, 0x50, 0xe5, 0x81, 0x05, 0xb6, 0x36, 0x10, 0xac, 0x5b, 0xed, 0x05,
    0x95, 0x53, 0x2a, 0x2d, 0x23, 0x12, 0x7f, 0x09, 0x54, 0xd8, 0xa6, 0x1d,
    0x61, 0x31, 0x47, 0xde, 0x14, 0x82, 0x4e, 0xd0, 0x53, 0x40, 0xfa, 0x53,
    0x14, 0x6c, 0x38, 0x8b, 0x0a, 0x35, 0xb1, 0xa5, 0x87, 0x50, 0xa0, 0xf6,
    0xb4, 0x2f, 0x81, 0xe7, 0x4c, 0x0a, 0x2b, 0x88, 0xfb, 0xd3, 0x62, 0xc0,
    0xc5, 0xe4, 0x81, 0xda, 0xc0, 0xeb, 0x90, 0xa1, 0x40, 0xa8, 0x34, 0x20,
    0xd5, 0x5e, 0x0d, 0xba, 0x4a, 0xc2, 0xa3, 0x58, 0xca, 0xde, 0x09, 0x95,
    0xea, 0xbb, 0xc4, 0x26, 0x05, 0x48, 0x96, 0x5b, 0xa9, 0x62, 0x4c, 0x08,
    0xab, 0xee, 0x81, 0x4d, 0xc2, 0x19, 0x42, 0xef, 0xdd, 0xf8, 0x34, 0x3d,
    0xf7, 0x49, 0xc6, 0xc5, 0x7f, 0xd9, 0x1f, 0xe5, 0x0c, 0x17, 0xc0, 0x0e,
    0xec, 0x0d, 0x0e, 0x05, 0xa7, 0x2b, 0x1f, 0xdb, 0x37, 0x2b, 0xf3, 0x62,
    0x0e, 0xa5, 0xc7, 0x0d, 0xed, 0xe6, 0xb2, 0x0b, 0x33, 0x81, 0x49, 0xf2,
    0x36, 0x01, 0xdb, 0x33, 0xfa, 0xb2, 0xc0, 0xf7, 0x52, 0x81, 0x16, 0x2e,
    0xfd, 0xd6, 0xac, 0x0a, 0xe3, 0x18, 0xe2, 0xdb, 0xfd, 0xca, 0xd5, 0x07,
    0xe6, 0x11, 0x87, 0x46, 0xc1, 0xe2, 0xf7, 0x81, 0x42, 0xe5, 0xb3, 0x64,
    0xbf, 0xd6, 0xf3, 0xee, 0x24, 0x25, 0x04, 0xea, 0xe4, 0xde, 0xeb, 0x1a,
    0xe3, 0x14, 0xc5, 0xe1, 0x58, 0x08, 0x7f, 0xa3, 0x2a, 0x0c, 0xad, 0xcd,
    0x17, 0x9c, 0xfb, 0x0f, 0x62, 0xdb, 0xd9, 0x1b, 0x5d, 0x47, 0x40, 0x0a,
    0x6a, 0xfe, 0x05, 0x12, 0xef, 0x81, 0xc2, 0xa4, 0x2c, 0xec, 0xd6, 0x61,
    0x1e, 0x3a, 0xc3, 0xc8, 0x05, 0xe4, 0xe2, 0x1e, 0x3e, 0xe6, 0xa0, 0xf9,
    0x2a, 0x56, 0xef, 0x13, 0x97, 0x02, 0x53, 0x81, 0xbe, 0x34, 0x59, 0x5f,
    0x17, 0xfa, 0x4f, 0x02, 0x41, 0xb6, 0x4c, 0xe1, 0x0c, 0xdf, 0xd8, 0x2b,
    0xfa, 0xb2, 0x39, 0xf4, 0xdf, 0x9e, 0x49, 0xf8, 0x04, 0x1d, 0x08, 0x35,
    0x00, 0x07, 0xba, 0x0a, 0x29, 0x23, 0xf3, 0x1f, 0x4d, 0x8b, 0x66, 0x81,
    0xda, 0xda, 0x08, 0xd5, 0xee, 0xcd, 0x45, 0x9c, 0x09, 0x2f, 0x7f, 0xc9,
    0x10, 0xb5, 0x2c, 0xf6, 0xc1, 0xd5, 0x13, 0x56, 0xe3, 0xe5, 0x19, 0xc4,
    0x40, 0xda, 0xf5, 0x3c, 0xea, 0xee, 0xa3, 0xe2, 0x26, 0xb2, 0x17, 0x5f,
    0xbd, 0x45, 0x1a, 0x44, 0x3d, 0x7f, 0xde, 0xfb, 0x83, 0x50, 0x13, 0xe2,
    0xfd, 0x27, 0xcd, 0xf3, 0x7f, 0x3e, 0x05, 0xa7, 0xdc, 0x51, 0xaf, 0x24,
    0x33, 0xcb, 0xae, 0x64, 0x13, 0x19, 0xef, 0x15, 0x8b, 0x2c, 0xfb, 0x6e,
    0xe4, 0xed, 0x15, 0x07, 0xa3, 0x60, 0xab, 0x4d, 0x64, 0xa5, 0x14, 0x1a,
    0x63, 0x71, 0xee, 0xec, 0xe6, 0xe0, 0xe7, 0xa9, 0x2b, 0x81, 0x22, 0xfa,
    0x50, 0x31, 0xbd, 0xc8, 0x7f, 0xb0, 0x31, 0x35, 0x13, 0xc9, 0xe6, 0x1a,
    0x10, 0xaa, 0x26, 0xf2, 0xcf, 0x1b, 0xb5, 0x50, 0x54, 0x8c, 0xdb, 0x96,
    0xc8, 0x00, 0x73, 0xd1, 0x21, 0x44, 0xe8, 0x12, 0x32, 0x33, 0x0e, 0xf4,
    0xcd, 0xf2, 0x16, 0xb2, 0x39, 0x7f, 0xd8, 0xf7, 0x17, 0xe7, 0xc0, 0xf5,
    0x05, 0xf8, 0x11, 0xcd, 0xfe, 0x5d, 0x81, 0xcd, 0xc8, 0xc0, 0x41, 0x4b,
    0xe9, 0x00, 0x0b, 0xe9, 0xd9, 0x3d, 0xdd, 0xe3, 0xc6, 0xc9, 0xeb, 0x52,
    0xaf, 0x1c, 0x42, 0x3f, 0x09, 0x7f, 0x28, 0x14, 0xf8, 0x3f, 0x1f, 0x07,
    0xdf, 0x0c, 0xe2, 0xe4, 0xe0, 0x44, 0x26, 0x18, 0x03, 0xff, 0xba, 0x15,
    0xd0, 0x13, 0xe4, 0xe4, 0x19, 0x16, 0xdb, 0x07, 0xeb, 0xed, 0xfe, 0x01,
    0xfa, 0x25, 0x1d, 0x2a, 0x7f, 0xed, 0xfe, 0xf5, 0x1e, 0x12, 0x2b, 0x2b,
    0x58, 0x17, 0xef, 0xe0, 0x81, 0xd3, 0xa8, 0x27, 0xb0, 0xea, 0xc8, 0xee,
    0x2c, 0xe9, 0xb2, 0x1c, 0x10, 0x98, 0xbb, 0xbf, 0xab, 0x4e, 0x5c, 0xf0,
    0x3a, 0xd8, 0x91, 0x11, 0x63, 0x31, 0x1f, 0x04, 0x9c, 0xe5, 0x54, 0x58,
    0xeb, 0x27, 0x62, 0x66, 0x18, 0xfe, 0x2f, 0x25, 0x81, 0x06, 0x3e, 0x2c,
    0x9b, 0xf9, 0x50, 0x11, 0x08, 0xa4, 0x36, 0xe4, 0xf4, 0xfb, 0x11, 0x14,
    0xb8, 0x0c, 0x8a, 0xb0, 0x7f, 0x8a, 0x98, 0x0b, 0xf3, 0xf9, 0x76, 0xb8,
    0xf2, 0xc6, 0x2c, 0x65, 0xeb, 0xe6, 0xf0, 0x2d, 0xdf, 0x37, 0x3c, 0xd6,
    0xeb, 0xed, 0x4a, 0x81, 0x30, 0x38, 0x18, 0x2a, 0xb4, 0xa3, 0xfd, 0xf4,
    0xf6, 0x2c, 0xf5, 0x34, 0xfe, 0x9a, 0x09, 0xc8, 0xd7, 0xd1, 0xe0, 0xf7,
    0xcd, 0x10, 0x16, 0xe0, 0x0b, 0x81, 0xf8, 0x56, 0x09, 0xce, 0xaf, 0x1b,
    0xf8, 0x11, 0x0c, 0xaa, 0x90, 0x36, 0x93, 0x62, 0xa8, 0x13, 0x1b, 0xcd,
    0xb7, 0x23, 0xd1, 0x81, 0x5e, 0xf9, 0x20, 0x20, 0x11, 0x05, 0x4a, 0x6a,
    0x07, 0xe9, 0xcc, 0x12, 0x1e, 0xdf, 0xff, 0xff, 0x04, 0x00, 0x00, 0x00,
    0xc0, 0x00, 0x00, 0x00, 0xd1, 0x02, 0x00, 0x00, 0x5c, 0x04, 0x00, 0x00,
    0xf7, 0x08, 0x00, 0x00, 0x4c, 0x01, 0x00, 0x00, 0x4b, 0x0c, 0x00, 0x00,
    0x3a, 0xf6, 0xff, 0xff, 0x57, 0xf2, 0xff, 0xff, 0xb9, 0xfd, 0xff, 0xff,
    0x71, 0x0a, 0x00, 0x00, 0x51, 0x02, 0x00, 0x00, 0x41, 0x03, 0x00, 0x00,
    0xea, 0xfb, 0xff, 0xff, 0x46, 0x0a, 0x00, 0x00, 0x07, 0xff, 0xff, 0xff,
    0x60, 0x03, 0x00, 0x00, 0xa5, 0x03, 0x00, 0x00, 0x2e, 0xfb, 0xff, 0xff,
    0xf5, 0xfe, 0xff, 0xff, 0xbf, 0xfd, 0xff, 0xff, 0xf6, 0xf4, 0xff, 0xff,
    0x07, 0xfd, 0xff, 0xff, 0x9d, 0xee, 0xff, 0xff, 0x49, 0xfd, 0xff, 0xff,
    0x5e, 0x0a, 0x00, 0x00, 0x41, 0x08, 0x00, 0x00, 0xdb, 0xf8, 0xff, 0xff,
    0x9f, 0xfc, 0xff, 0xff, 0xb7, 0x0d, 0x00, 0x00, 0x53, 0x0a, 0x00, 0x00,
    0x53, 0xf3, 0xff, 0xff, 0xe7, 0x06, 0x00, 0x00, 0x3f, 0xfa, 0xff, 0xff,
    0xad, 0xfd, 0xff, 0xff, 0x08, 0xfe, 0xff, 0xff, 0x6b, 0xfd, 0xff, 0xff,
    0xf7, 0xf6, 0xff, 0xff, 0x0d, 0xff, 0xff, 0xff, 0x3f, 0xfd, 0xff, 0xff,
    0xb9, 0xfb, 0xff, 0xff, 0x18, 0x02, 0x00, 0x00, 0x1f, 0xfb, 0xff, 0xff,
    0x32, 0xf0, 0xff, 0xff, 0xd4, 0x08, 0x00, 0x00, 0x94, 0xec, 0xff, 0xff,
    0x20, 0x0a, 0x00, 0x00, 0x7a, 0x01, 0x00, 0x00, 0xce, 0x0a, 0x00, 0x00,
    0xc4, 0x05, 0x00, 0x00, 0xea, 0xdf, 0xff, 0xff, 0x04, 0x00, 0x00, 0x00,
    0x20, 0x01, 0x00, 0x00, 0x02, 0x74, 0x05, 0x81, 0xec, 0xa0, 0x3e, 0x47,
    0x46, 0x95, 0xda, 0xf5, 0xe7, 0x2f, 0x40, 0xe8, 0xd6, 0x1f, 0xbf, 0xe2,
    0x19, 0x2a, 0x4e, 0xe0, 0x04, 0xd3, 0xdd, 0x4f, 0x56, 0x1c, 0x1d, 0x57,
    0x13, 0x30, 0x73, 0xff, 0xfa, 0xbd, 0x10, 0xf6, 0x08, 0x53, 0x30, 0x22,
    0xa5, 0x2b, 0xf7, 0x02, 0xfb, 0xd3, 0x20, 0x3d, 0x1b, 0x28, 0x25, 0xc7,
    0x03, 0x2c, 0x40, 0xd6, 0x1e, 0x05, 0x4c, 0xc8, 0x49, 0xda, 0x26, 0x27,
    0xf7, 0xf9, 0x2c, 0x11, 0xc2, 0x02, 0x37, 0xdc, 0x3e, 0x26, 0x15, 0x10,
    0x7f, 0xfc, 0x03, 0x24, 0x12, 0xea, 0x44, 0x36, 0x7f, 0x1a, 0x36, 0x02,
    0x40, 0x39, 0x19, 0x36, 0x0c, 0xa3, 0x01, 0xe5, 0x2b, 0xeb, 0x1d, 0xef,
    0xdb, 0x81, 0x29, 0xc6, 0xae, 0x91, 0xff, 0xc6, 0x10, 0x3b, 0x4c, 0x07,
    0xc7, 0x2c, 0xff, 0xf9, 0xe3, 0xf5, 0xd1, 0x0f, 0x06, 0xf1, 0xd0, 0x09,
    0x19, 0xb6, 0xcc, 0x20, 0x99, 0xf8, 0x1f, 0xd5, 0xde, 0xcc, 0xf7, 0xc4,
    0x47, 0xc2, 0x10, 0xc7, 0x43, 0x81, 0xb0, 0x9d, 0x82, 0x24, 0xc0, 0xdd,
    0xc6, 0x67, 0x8f, 0x4f, 0xe9, 0xe3, 0x30, 0xb6, 0x70, 0xab, 0x9c, 0x36,
    0x4c, 0x98, 0x59, 0x61, 0x1e, 0xec, 0xea, 0xa3, 0xd7, 0x2d, 0x04, 0xa8,
    0xd4, 0x1e, 0xab, 0x9c, 0x6a, 0x22, 0x45, 0xa1, 0xfc, 0xd9, 0xa5, 0xa2,
    0x6e, 0x8e, 0xed, 0xc3, 0xa3, 0xcc, 0x3d, 0xae, 0x46, 0xfa, 0x41, 0xe2,
    0xa7, 0xbf, 0x22, 0x20, 0x22, 0x81, 0x0d, 0xf4, 0x71, 0xfc, 0x12, 0x3c,
    0xc5, 0xde, 0x11, 0x43, 0x3e, 0xc6, 0xda, 0x02, 0xf7, 0xca, 0xd3, 0x55,
    0x30, 0x2a, 0x66, 0x00, 0x00, 0xf4, 0x44, 0xe8, 0x04, 0x33, 0x22, 0x45,
    0xdb, 0xf4, 0x1c, 0x31, 0xb8, 0x5b, 0x5c, 0x47, 0x10, 0x32, 0xe6, 0x26,
    0x22, 0x17, 0x34, 0xff, 0x79, 0xdc, 0x12, 0x58, 0x1d, 0xc6, 0xeb, 0x1a,
    0x0c, 0xf1, 0x7b, 0xe7, 0x26, 0xf5, 0x51, 0x74, 0x44, 0x1b, 0x60, 0xd2,
    0x07, 0x52, 0x31, 0x34, 0xff, 0x00, 0x71, 0x7f, 0x70, 0xcc, 0xb8, 0x34,
    0xe0, 0x5a, 0xfb, 0x3c, 0x16, 0xe1, 0xff, 0xff, 0x04, 0x00, 0x00, 0x00,
    0x20, 0x01, 0x00, 0x00, 0x41, 0xdf, 0x7f, 0xab, 0xe4, 0xbd, 0x59, 0xe2,
    0x7b, 0x2a, 0x55, 0x81, 0xd2, 0xfd, 0x7f, 0x78, 0x33, 0x31, 0xce, 0xf9,
    0xfa, 0xd5, 0x7f, 0xba, 0x12, 0xab, 0x7f, 0xa9, 0xfa, 0xcf, 0xfb, 0x7f,
    0x19, 0x19, 0x18, 0x18, 0xeb, 0x4c, 0x81, 0x07, 0x72, 0x94, 0xf0, 0x81,
    0x9b, 0x06, 0xf1, 0xe8, 0x16, 0x81, 0xf2, 0x1d, 0xb8, 0xd7, 0x81, 0xf4,
    0xdd, 0xf3, 0x1c, 0xbc, 0x81, 0xf9, 0xab, 0xf1, 0x04, 0x22, 0x4e, 0xeb,
    0x81, 0xc5, 0x14, 0xef, 0x81, 0x6f, 0x44, 0xd6, 0x51, 0xcd, 0x04, 0xcb,
    0x37, 0x68, 0x9b, 0x81, 0xeb, 0x7f, 0x56, 0xc9, 0x5f, 0xf6, 0xe0, 0x81,
    0x9f, 0x03, 0x3e, 0x28, 0x7f, 0xf3, 0xa4, 0x3e, 0x2e, 0x23, 0x7f, 0xb6,
    0xa9, 0x32, 0xd8, 0xe7, 0x7f, 0xf7, 0xfb, 0x12, 0xb3, 0x39, 0x0c, 0x94,
    0x81, 0xed, 0x10, 0x8b, 0x81, 0xbc, 0x1c, 0xc1, 0xe7, 0x1f, 0x18, 0xb2,
    0x5d, 0x4f, 0x81, 0x8d, 0xbb, 0x81, 0x3a, 0xdb, 0xef, 0xd1, 0x5d, 0xbc,
    0x1a, 0x22, 0x7f, 0xa5, 0xf5, 0xbf, 0x81, 0xe3, 0xfc, 0xd2, 0xf8, 0x53,
    0x4d, 0x92, 0x7f, 0x68, 0x92, 0x60, 0x7f, 0x32, 0xdc, 0xdd, 0xb9, 0x1a,
    0x7f, 0xe9, 0x61, 0xe1, 0x20, 0x8f, 0x81, 0xab, 0xab, 0x31, 0xee, 0xfa,
    0x4a, 0x1b, 0xa7, 0x81, 0xa7, 0xec, 0x6b, 0x52, 0xa4, 0x81, 0xf5, 0xd2,
    0x7f, 0xed, 0xb8, 0xf9, 0x28, 0x5d, 0xfa, 0x7c, 0xb8, 0x7f, 0x12, 0x8b,
    0x7f, 0xb4, 0xf5, 0x33, 0x28, 0x1c, 0x7f, 0xc9, 0x23, 0xe7, 0x81, 0x10,
    0xd4, 0xf0, 0xb8, 0xd4, 0xef, 0xe8, 0x7f, 0x05, 0xee, 0xeb, 0xd3, 0xf7,
    0x7f, 0x3b, 0xad, 0xe7, 0x81, 0xdf, 0xb2, 0xd3, 0x12, 0x50, 0x69, 0x81,
    0x20, 0x02, 0xa0, 0xea, 0xc0, 0x81, 0xc1, 0xd5, 0xb0, 0x07, 0x7f, 0x81,
    0xe1, 0x29, 0xf7, 0xd1, 0x49, 0x64, 0x7f, 0x18, 0x09, 0xc5, 0xcd, 0x81,
    0xc9, 0xc6, 0x59, 0xb5, 0x52, 0x00, 0xf5, 0x4c, 0x81, 0x9e, 0xc3, 0xec,
    0x81, 0xf2, 0xec, 0xad, 0x11, 0x81, 0xd6, 0x4a, 0x85, 0xba, 0xf4, 0x81,
    0x79, 0xd0, 0xdd, 0xcb, 0x42, 0xe2, 0xff, 0xff, 0x04, 0x00, 0x00, 0x00,
    0xb0, 0x01, 0x00, 0x00, 0x2c, 0xe1, 0x35, 0xe2, 0x59, 0x6f, 0x5e, 0xed,
    0xb3, 0x70, 0xf0, 0x07, 0x16, 0x6c, 0x81, 0x59, 0x51, 0x7f, 0x81, 0x79,
    0x7f, 0xa2, 0x62, 0x42, 0x3b, 0x00, 0xdd, 0x07, 0x25, 0x26, 0x09, 0xd3,
    0xab, 0xc1, 0x9b, 0xa7, 0x54, 0x4a, 0xb0, 0x29, 0x81, 0xdf, 0x4d, 0x83,
    0xec, 0x23, 0x38, 0x42, 0x53, 0xc8, 0x67, 0x81, 0x65, 0x66, 0x6b, 0x97,
    0xa6, 0x7f, 0xf1, 0xcc, 0x7f, 0x7f, 0xd0, 0x9f, 0x7f, 0xba, 0xaa, 0x6f,
    0x62, 0xbe, 0x7f, 0x7f, 0x7f, 0x91, 0x9f, 0x22, 0x36, 0xf0, 0x1f, 0x06,
    0x88, 0x9d, 0x09, 0x8a, 0xd2, 0x7f, 0x94, 0x37, 0x93, 0xa4, 0x55, 0xbd,
    0x20, 0x6c, 0x63, 0x07, 0x37, 0xa4, 0x2d, 0x18, 0x6c, 0x5b, 0x42, 0xbe,
    0x81, 0x2d, 0xdf, 0xa3, 0xfe, 0x60, 0x9e, 0x81, 0x63, 0x8d, 0xc3, 0x20,
    0x76, 0x3e, 0x71, 0x67, 0x3d, 0x9b, 0x9f, 0x24, 0x4e, 0x81, 0x14, 0x55,
    0xd0, 0xf9, 0xb5, 0xa4, 0x20, 0x4e, 0xb3, 0x31, 0xc3, 0x81, 0x7f, 0x10,
    0x0c, 0x1d, 0x60, 0x11, 0x4d, 0xca, 0x5e, 0x03, 0x5c, 0x6e, 0x75, 0xdd,
    0x05, 0x35, 0x9b, 0xca, 0x5e, 0x50, 0x9b, 0x1a, 0x47, 0x5c, 0x94, 0x7f,
    0x6f, 0xbd, 0x51, 0x31, 0x29, 0x04, 0xd8, 0x47, 0x51, 0x32, 0xe7, 0xbf,
    0x8a, 0xbf, 0x81, 0x85, 0x2a, 0x7d, 0xdf, 0x81, 0xaf, 0xef, 0x4c, 0x81,
    0xdd, 0x40, 0x55, 0xdb, 0x50, 0xab, 0x7f, 0xc4, 0x7f, 0x7f, 0x7f, 0x91,
    0xfa, 0x57, 0x90, 0xc8, 0x64, 0x6b, 0xe0, 0x02, 0x32, 0xb5, 0xb7, 0x74,
    0x62, 0xb3, 0x66, 0x5b, 0x77, 0xa7, 0xa0, 0x35, 0x7f, 0xfb, 0xea, 0x1b,
    0x81, 0xd0, 0xdc, 0x81, 0xa7, 0x74, 0xb3, 0x9c, 0xa1, 0xd7, 0x62, 0xb4,
    0xe9, 0x7f, 0x48, 0xc4, 0x50, 0x81, 0x55, 0x29, 0x58, 0x76, 0x6d, 0x81,
    0xf7, 0x40, 0xb0, 0x87, 0x55, 0x43, 0xae, 0xd8, 0x6e, 0x89, 0xb4, 0x66,
    0x64, 0x4f, 0x5e, 0x3d, 0x2e, 0x81, 0xb6, 0x4c, 0x65, 0x93, 0x05, 0x46,
    0xc1, 0x07, 0x91, 0xa6, 0x4b, 0x62, 0xcc, 0xce, 0xc0, 0xda, 0x60, 0x16,
    0xd2, 0x5a, 0x7f, 0x98, 0x5f, 0x24, 0x4d, 0xfd, 0x0f, 0x0a, 0x7a, 0x4e,
    0xfa, 0xec, 0x72, 0x02, 0x20, 0x65, 0xc8, 0x5d, 0x3e, 0x7d, 0xb8, 0x75,
    0x7a, 0x7f, 0x2e, 0x51, 0x3c, 0xf2, 0xc1, 0x7f, 0x77, 0x33, 0x81, 0x81,
    0xf9, 0x90, 0xe4, 0xb6, 0x81, 0x54, 0xc7, 0x84, 0xd2, 0xc7, 0x19, 0xad,
    0xa8, 0x22, 0x1b, 0xe9, 0x72, 0x0b, 0x54, 0xd0, 0xfc, 0x27, 0x32, 0x24,
    0xeb, 0x0f, 0x7f, 0xdf, 0x58, 0x56, 0xe1, 0xee, 0x4d, 0xb9, 0xd7, 0x57,
    0x5b, 0x2c, 0x48, 0x7a, 0x61, 0xb7, 0x81, 0x6a, 0x48, 0xf8, 0xad, 0x33,
    0xe7, 0x81, 0x18, 0xba, 0x1f, 0x42, 0x81, 0x91, 0xab, 0xb2, 0x14, 0xce,
    0xeb, 0x40, 0x47, 0x9a, 0x7f, 0x38, 0x24, 0x2e, 0xc4, 0x2c, 0x2e, 0x38,
    0xda, 0x1c, 0x75, 0x81, 0x13, 0x36, 0xc9, 0xba, 0x3f, 0x9b, 0xf5, 0x49,
    0x6b, 0x48, 0x3c, 0x4f, 0x14, 0xa4, 0x84, 0x26, 0x34, 0xca, 0xda, 0x33,
    0x1d, 0xe7, 0xf2, 0xbd, 0x2b, 0x55, 0xa7, 0x9c, 0xb2, 0xd3, 0xe9, 0x29,
    0x81, 0x1e, 0x60, 0x81, 0xfe, 0xe3, 0xff, 0xff, 0x04, 0x00, 0x00, 0x00,
    0xc0, 0x00, 0x00, 0x00, 0xd0, 0xe8, 0xff, 0xff, 0x39, 0x0c, 0x00, 0x00,
    0xa7, 0xe2, 0xff, 0xff, 0xe2, 0x02, 0x00, 0x00, 0x20, 0xfd, 0xff, 0xff,
    0xe4, 0xf6, 0xff, 0xff, 0xe6, 0xe7, 0xff, 0xff, 0xd5, 0x05, 0x00, 0x00,
    0x46, 0x06, 0x00, 0x00, 0xce, 0xf6, 0xff, 0xff, 0x1b, 0xfd, 0xff, 0xff,
    0x26, 0x0d, 0x00, 0x00, 0x7f, 0xe2, 0xff, 0xff, 0x94, 0xef, 0xff, 0xff,
    0xde, 0x11, 0x00, 0x00, 0xf9, 0xfd, 0xff, 0xff, 0x72, 0xdd, 0xff, 0xff,
    0xa4, 0xfe, 0xff, 0xff, 0x6f, 0x2a, 0x00, 0x00, 0x77, 0xf4, 0xff, 0xff,
    0x7a, 0xf4, 0xff, 0xff, 0xbe, 0xfc, 0xff, 0xff, 0xe2, 0xf9, 0xff, 0xff,
    0xe6, 0xf7, 0xff, 0xff, 0x0c, 0xfa, 0xff, 0xff, 0xf9, 0x18, 0x00, 0x00,
    0x0d, 0x17, 0x00, 0x00, 0xd5, 0xe8, 0xff, 0xff, 0xb4, 0xe8, 0xff, 0xff,
    0x7e, 0x00, 0x00, 0x00, 0x92, 0x05, 0x00, 0x00, 0x05, 0xfa, 0xff, 0xff,
    0xb1, 0x1b, 0x00, 0x00, 0x24, 0x17, 0x00, 0x00, 0xd7, 0x17, 0x00, 0x00,
    0x6f, 0x11, 0x00, 0x00, 0x14, 0xff, 0xff, 0xff, 0xf2, 0xeb, 0xff, 0xff,
    0x1e, 0x23, 0x00, 0x00, 0xcc, 0x0e, 0x00, 0x00, 0x3f, 0x0d, 0x00, 0x00,
    0x0b, 0x08, 0x00, 0x00, 0x43, 0xf9, 0xff, 0xff, 0xc6, 0x04, 0x00, 0x00,
    0x36, 0x09, 0x00, 0x00, 0x5c, 0xfb, 0xff, 0xff, 0x38, 0xf8, 0xff, 0xff,
    0x45, 0x03, 0x00, 0x00, 0xca, 0xe4, 0xff, 0xff, 0x04, 0x00, 0x00, 0x00,
    0x00, 0x0c, 0x00, 0x00, 0x11, 0x0d, 0x17, 0x0a, 0xde, 0x2a, 0xd1, 0xd3,
    0xc5, 0x45, 0x0e, 0x54, 0x00, 0x08, 0xbe, 0x25, 0xf0, 0x7f, 0x2a, 0x01,
    0x2e, 0x73, 0xd1, 0x2d, 0xeb, 0xfd, 0xe9, 0x51, 0x01, 0xa3, 0xf7, 0xa5,
    0x0e, 0x19, 0xea, 0xf0, 0xdb, 0xf5, 0x30, 0x21, 0xf6, 0xd7, 0xbe, 0x19,
    0xe5, 0x14, 0xd4, 0x0a, 0x0f, 0x3c, 0x29, 0x22, 0x53, 0x10, 0x0e, 0x72,
    0x06, 0xb7, 0xf2, 0x01, 0xbe, 0x0e, 0xcf, 0xf5, 0x14, 0xaf, 0x3c, 0xf6,
    0xce, 0xde, 0x14, 0x4c, 0xaa, 0xa6, 0xed, 0xdb, 0x40, 0x7f, 0x38, 0x22,
    0xf8, 0xda, 0xf6, 0x45, 0xf1, 0x22, 0xa4, 0x20, 0x0e, 0xfd, 0x14, 0x05,
    0x16, 0x5b, 0xc5, 0x10, 0x35, 0x00, 0xf8, 0x88, 0xb3, 0x24, 0xd3, 0x0b,
    0xf6, 0x58, 0x4b, 0x30, 0xc4, 0x2b, 0xcf, 0xff, 0xfa, 0x14, 0x6a, 0x23,
    0xfd, 0x1d, 0x23, 0x35, 0x06, 0xf4, 0x08, 0x19, 0xf2, 0xc2, 0xc8, 0x18,
    0xba, 0x2b, 0x1b, 0x0d, 0xd4, 0xef, 0x11, 0xfb, 0x07, 0xee, 0xf2, 0xa9,
    0xfd, 0xd6, 0x10, 0x81, 0xea, 0xd4, 0x1c, 0xf6, 0xbb, 0x23, 0xea, 0xfa,
    0xf7, 0x09, 0xf6, 0xf6, 0x05, 0x72, 0xe0, 0x9e, 0x07, 0x0e, 0xcb, 0xbc,
    0xd4, 0xfb, 0x81, 0xb6, 0x20, 0x24, 0x48, 0x04, 0x22, 0x45, 0xd1, 0x07,
    0xf9, 0xea, 0xcc, 0xf3, 0x07, 0x55, 0x29, 0xc8, 0x3a, 0x25, 0xc0, 0x07,
    0xdc, 0x4e, 0x0c, 0xfd, 0x18, 0xc6, 0x04, 0x01, 0xdf, 0x11, 0xeb, 0xd6,
    0x21, 0xff, 0x24, 0x2c, 0xfe, 0xf6, 0xeb, 0x2f, 0x00, 0x32, 0x29, 0x25,
    0xf9, 0x7f, 0x09, 0x0a, 0x2e, 0x13, 0x1e, 0x2f, 0xff, 0xf7, 0x19, 0xf1,
    0xcc, 0x1c, 0xc8, 0x28, 0xe3, 0xeb, 0x32, 0x03, 0xf2, 0xb3, 0xf0, 0x0c,
    0xed, 0x0b, 0x04, 0xed, 0x39, 0xb9, 0xac, 0xa9, 0xba, 0x2e, 0xdb, 0x38,
    0x03, 0x0a, 0x36, 0x75, 0xf6, 0x52, 0xa3, 0x10, 0x06, 0x67, 0x1c, 0xe6,
    0xf7, 0x6f, 0x1d, 0x1c, 0xdc, 0xc1, 0xb2, 0x21, 0x0f, 0xe6, 0xb8, 0x87,
    0x81, 0x57, 0x12, 0x64, 0x90, 0x23, 0x39, 0xdf, 0xe7, 0xa7, 0xc2, 0x0c,
    0x0f, 0x16, 0xd0, 0xa3, 0x03, 0xd6, 0xca, 0x09, 0xeb, 0xf2, 0x2c, 0x55,
    0xbe, 0xf9, 0x2f, 0x29, 0x24, 0x2f, 0xf6, 0xfb, 0x28, 0x37, 0x11, 0xdb,
    0x47, 0x23, 0xc6, 0x92, 0x7f, 0x08, 0x25, 0x28, 0x33, 0x32, 0xf0, 0xe3,
    0xd9, 0xfb, 0xd3, 0x6b, 0xe6, 0xea, 0x16, 0xdd, 0x12, 0x0c, 0xe2, 0xd1,
    0xe7, 0xe6, 0x14, 0xf6, 0xd0, 0xe9, 0xfc, 0x05, 0x0d, 0x10, 0x35, 0x3e,
    0x46, 0xc5, 0xf9, 0xea, 0x0b, 0x2f, 0xcd, 0xe5, 0x3b, 0xfe, 0xcd, 0x9c,
    0xc3, 0xc7, 0xbd, 0xec, 0xdf, 0xd7, 0xed, 0xe5, 0x33, 0x54, 0xfb, 0x74,
    0xc5, 0x12, 0xd1, 0x1b, 0x39, 0x6c, 0xbe, 0xb7, 0x52, 0x44, 0xe8, 0x72,
    0xfc, 0x7f, 0xd9, 0x0e, 0xe9, 0xb3, 0xf5, 0x1f, 0x05, 0xf6, 0x1e, 0x33,
    0xef, 0xf9, 0x24, 0x1e, 0xff, 0xb7, 0x04, 0x5a, 0xfd, 0xfe, 0xf8, 0x30,
    0x26, 0x47, 0x07, 0x12, 0x01, 0x2e, 0x1f, 0xa4, 0xdf, 0x03, 0x57, 0xe3,
    0x0f, 0xca, 0xbd, 0x0e, 0x14, 0xef, 0x01, 0x7f, 0x73, 0x9f, 0x43, 0x07,
    0xc2, 0xcd, 0x6d, 0xf4, 0x23, 0xfb, 0xe3, 0x69, 0xc6, 0x50, 0x51, 0x10,
    0xeb, 0xf6, 0x29, 0xf8, 0xda, 0xad, 0x04, 0x41, 0xce, 0xc5, 0x58, 0xf5,
    0x2d, 0x23, 0x7f, 0x24, 0x2e, 0xd7, 0x24, 0x2a, 0x22, 0x1b, 0xd9, 0xdb,
    0x56, 0x60, 0xad, 0x4e, 0x96, 0x81, 0x37, 0x33, 0xeb, 0x28, 0x28, 0xb6,
    0xda, 0x51, 0x08, 0x62, 0x06, 0x7f, 0x29, 0xf1, 0xde, 0x0b, 0x25, 0xcc,
    0xcf, 0x2f, 0x3c, 0xeb, 0xf0, 0x09, 0xd5, 0x25, 0xbe, 0xcf, 0x4d, 0x03,
    0xfa, 0xe1, 0x3f, 0xe4, 0xdf, 0x73, 0xe2, 0xf2, 0x1d, 0x0f, 0xe1, 0xe7,
    0xea, 0xfe, 0x33, 0x98, 0xb9, 0xe3, 0xf1, 0x32, 0xa3, 0x2c, 0xf0, 0xf3,
    0xdc, 0xde, 0x14, 0xb3, 0x0e, 0x2e, 0x11, 0x0a, 0xf6, 0x27, 0x26, 0x30,
    0x0f, 0xe3, 0x11, 0x62, 0xcc, 0x32, 0xad, 0x4b, 0x18, 0x0e, 0x06, 0xd2,
    0x0e, 0xe3, 0xc4, 0xfd, 0xb0, 0x00, 0xa6, 0xe5, 0x11, 0x67, 0xf4, 0xda,
    0x20, 0x57, 0x5f, 0x22, 0x34, 0x2f, 0x99, 0xf1, 0x09, 0x16, 0xe4, 0x15,
    0xfd, 0x7f, 0xb0, 0xdb, 0x11, 0x11, 0xee, 0xe2, 0xff, 0xc8, 0xe7, 0xc3,
    0x7f, 0x1b, 0x4b, 0xfa, 0x3a, 0xac, 0x25, 0x12, 0xda, 0x0b, 0x2e, 0xf7,
    0xdc, 0x5c, 0x06, 0x56, 0x20, 0x19, 0xba, 0x00, 0xfc, 0xd5, 0xc8, 0x17,
    0xa5, 0xbf, 0x41, 0xf7, 0x2c, 0xf9, 0xf1, 0x0a, 0xac, 0xd5, 0x54, 0xbb,
    0xd9, 0xee, 0xed, 0x1c, 0xf1, 0xc3, 0xb8, 0xd9, 0xf2, 0x30, 0x25, 0xd3,
    0x2e, 0x17, 0x47, 0x63, 0xf6, 0x38, 0xda, 0x77, 0x12, 0x32, 0x3e, 0x2a,
    0x1c, 0x7f, 0x09, 0x02, 0x0a, 0xd8, 0xdf, 0x07, 0xe5, 0xd1, 0x07, 0xb7,
    0xda, 0x23, 0xee, 0xf4, 0xb0, 0xef, 0x00, 0x24, 0xe8, 0xda, 0xc1, 0x13,
    0xde, 0x13, 0xf0, 0xfc, 0xd2, 0xf8, 0x1f, 0x45, 0x35, 0x2d, 0xf3, 0xfe,
    0x4b, 0xd5, 0xf5, 0x11, 0x41, 0x98, 0x0f, 0xc2, 0x25, 0x30, 0xb1, 0xbd,
    0x0f, 0xf7, 0x41, 0x34, 0xcc, 0x21, 0xb4, 0x1c, 0x46, 0xed, 0xdf, 0xc7,
    0x3b, 0xed, 0xc8, 0xef, 0x1b, 0xe5, 0xe9, 0xec, 0xef, 0x7f, 0x1a, 0xe1,
    0xf4, 0x2c, 0xe4, 0x6b, 0x02, 0x9b, 0x54, 0xc8, 0xd2, 0xdb, 0xe1, 0xe7,
    0x60, 0x39, 0x45, 0x2b, 0x0e, 0xd7, 0x61, 0x17, 0x5e, 0x13, 0x50, 0x4f,
    0xb9, 0x7f, 0x4b, 0xfc, 0x12, 0xe6, 0x28, 0x54, 0x27, 0x84, 0x09, 0x4e,
    0xdd, 0x3a, 0xdc, 0x0f, 0xac, 0x02, 0x23, 0x1d, 0xf0, 0xd5, 0xfe, 0x3f,
    0xd3, 0xe1, 0xf6, 0x14, 0xef, 0x03, 0x09, 0x21, 0x7d, 0xdb, 0x00, 0x20,
    0xd7, 0xf2, 0x47, 0xb0, 0xe5, 0x97, 0xce, 0xce, 0xe5, 0xee, 0x21, 0xbf,
    0x1f, 0x28, 0x1e, 0x06, 0xd4, 0xf3, 0xb1, 0xe0, 0x63, 0x02, 0xdf, 0xbe,
    0xe1, 0x9f, 0x99, 0xf0, 0xe0, 0xf9, 0xb4, 0x7f, 0x28, 0x5a, 0xc8, 0xd7,
    0xd6, 0x36, 0xcb, 0x7d, 0x1f, 0x28, 0xa2, 0xd1, 0x7f, 0xe2, 0x51, 0x36,
    0x1f, 0x43, 0x67, 0x0d, 0xd6, 0xbe, 0x9b, 0x04, 0xe9, 0xb3, 0x22, 0xc3,
    0x7a, 0x30, 0x0e, 0x1e, 0x17, 0xa8, 0xc7, 0x8a, 0xe4, 0x28, 0xcd, 0xab,
    0xb4, 0x93, 0xbb, 0x0e, 0x04, 0xce, 0x96, 0x64, 0x41, 0xe8, 0xe6, 0x43,
    0xfa, 0x28, 0x0d, 0xee, 0xd5, 0x6c, 0xf8, 0x3c, 0x1d, 0x3e, 0x06, 0x30,
    0x97, 0xe8, 0x26, 0xbb, 0xcd, 0xe5, 0x30, 0xb8, 0xf4, 0x2c, 0xf1, 0xe7,
    0xe0, 0xda, 0x0f, 0xd7, 0x2b, 0x4d, 0xe1, 0xed, 0x1d, 0x55, 0x89, 0xcd,
    0x7f, 0x35, 0x04, 0x07, 0x05, 0xf2, 0x9a, 0x68, 0x28, 0x54, 0x30, 0xe6,
    0xfa, 0x34, 0x5d, 0xf8, 0x18, 0x19, 0xe2, 0xff, 0xcc, 0xf2, 0xba, 0xbf,
    0xef, 0x31, 0xe4, 0xbb, 0x10, 0x19, 0x22, 0xcd, 0xe9, 0x0e, 0xe2, 0xf6,
    0xff, 0x39, 0xeb, 0x9f, 0x05, 0x33, 0x3f, 0x64, 0x10, 0xdd, 0x81, 0x11,
    0x36, 0xe6, 0x11, 0xe1, 0xef, 0xf4, 0x13, 0xe6, 0xdd, 0x36, 0xd7, 0xce,
    0x06, 0xec, 0x25, 0xef, 0x93, 0xb9, 0x03, 0x04, 0xf7, 0xf3, 0x36, 0x5c,
    0xfc, 0xb7, 0x53, 0xb3, 0xbf, 0x0e, 0xfc, 0xf3, 0xf4, 0xde, 0x64, 0x12,
    0xdf, 0xe6, 0x21, 0xb3, 0x38, 0x47, 0x20, 0xd9, 0x27, 0x68, 0x81, 0xbe,
    0x78, 0xdc, 0x04, 0x11, 0xc5, 0xdc, 0x46, 0x44, 0x1e, 0x56, 0x2e, 0xf8,
    0xc1, 0x1a, 0x1e, 0x0e, 0x11, 0x29, 0xe7, 0x3b, 0x02, 0xbe, 0xfb, 0xc2,
    0xea, 0x3c, 0x11, 0x0e, 0x17, 0x2b, 0xb1, 0x1e, 0xf0, 0x02, 0xe7, 0xde,
    0xe1, 0x52, 0xab, 0x13, 0x00, 0xe8, 0xf7, 0x0e, 0x81, 0xe1, 0xe9, 0x37,
    0x08, 0xb3, 0xdf, 0xcd, 0xf2, 0x0d, 0x15, 0x19, 0xdb, 0x06, 0xb5, 0xdb,
    0x0b, 0x03, 0xed, 0xfe, 0xf6, 0x1e, 0x00, 0xe3, 0xcd, 0x27, 0x11, 0xec,
    0x0d, 0x0f, 0xf6, 0x2b, 0xba, 0x3c, 0xe6, 0x2e, 0xda, 0xdc, 0x7f, 0x33,
    0x11, 0x35, 0x26, 0x2a, 0xa3, 0xff, 0x0d, 0x21, 0x28, 0x0c, 0xf7, 0xdd,
    0x18, 0x0c, 0xd8, 0xec, 0xbc, 0xb3, 0xe8, 0x35, 0x1d, 0x1c, 0xea, 0x30,
    0xce, 0xfe, 0x1c, 0x32, 0x33, 0xf5, 0xeb, 0x7f, 0xe3, 0xbb, 0xf0, 0xb2,
    0x40, 0xd7, 0xff, 0xc7, 0x70, 0xec, 0x53, 0xa8, 0x21, 0x09, 0xf0, 0xcb,
    0xe7, 0x25, 0x0f, 0xb0, 0x2f, 0x1c, 0x51, 0x51, 0x16, 0xfb, 0x98, 0x2b,
    0x55, 0xf7, 0xe9, 0xef, 0xf0, 0xf9, 0x30, 0x12, 0x01, 0x7d, 0xd4, 0x09,
    0x05, 0xd7, 0x1b, 0x56, 0x03, 0xf4, 0x1e, 0xfc, 0xfd, 0x1e, 0xcb, 0x96,
    0xfb, 0x0f, 0x24, 0x1b, 0xf3, 0xda, 0x0e, 0xce, 0xd6, 0x37, 0xd1, 0x1f,
    0xd0, 0x7f, 0xfe, 0x30, 0x01, 0xd2, 0xd9, 0x62, 0x65, 0xb4, 0xd0, 0xe5,
    0x2d, 0xf0, 0xc5, 0xbe, 0x09, 0xb0, 0x28, 0x10, 0x27, 0x02, 0x0d, 0xcd,
    0x01, 0x03, 0xf6, 0x75, 0xd3, 0xc4, 0xde, 0x13, 0xdd, 0x1e, 0x4a, 0x1b,
    0xe4, 0xfe, 0x21, 0x35, 0x07, 0xf7, 0xe2, 0x7e, 0x31, 0x6b, 0x26, 0x61,
    0xd6, 0x1e, 0xd7, 0xdb, 0x3e, 0x0b, 0x29, 0xf9, 0xd4, 0x32, 0xfe, 0x0c,
    0x7f, 0x55, 0x38, 0x06, 0x17, 0x07, 0x22, 0x5c, 0x3a, 0x07, 0x1f, 0xe5,
    0xe7, 0x31, 0x49, 0xd8, 0x4f, 0x59, 0xf3, 0xe3, 0x6d, 0xda, 0xe7, 0xed,
    0xe1, 0x27, 0x7f, 0x45, 0xd8, 0x8b, 0xa9, 0x52, 0xc8, 0xe4, 0x6e, 0xec,
    0x02, 0x2d, 0x43, 0x21, 0xef, 0xb9, 0xc5, 0x02, 0xcf, 0x10, 0xdf, 0xdf,
    0xce, 0xdb, 0x1a, 0x0f, 0xca, 0x06, 0xd7, 0x35, 0xa1, 0xf4, 0xd6, 0x12,
    0xa4, 0x5f, 0xc2, 0x06, 0xca, 0x42, 0x1f, 0x1e, 0xed, 0x4c, 0xe3, 0xff,
    0xf4, 0xbc, 0xf7, 0xd4, 0x0b, 0x05, 0xfd, 0xb9, 0x09, 0x29, 0xea, 0xc5,
    0x38, 0xdc, 0x06, 0xd3, 0xef, 0x0d, 0xdb, 0x10, 0x29, 0x34, 0xce, 0xf2,
    0x35, 0x16, 0x41, 0xa4, 0x0e, 0x23, 0xbb, 0x02, 0x51, 0x7f, 0x09, 0xd4,
    0x36, 0x3a, 0x2b, 0x29, 0xcd, 0xa6, 0x01, 0x12, 0xeb, 0x38, 0xe8, 0xd7,
    0x2b, 0x16, 0x06, 0xda, 0xca, 0xfd, 0x15, 0x48, 0x0e, 0xf5, 0x36, 0x31,
    0xdb, 0x58, 0xee, 0xd8, 0x09, 0xf4, 0x24, 0x1b, 0xb3, 0xfe, 0x3c, 0xea,
    0x24, 0xfd, 0xdd, 0xe1, 0xf9, 0xf1, 0x0f, 0x2b, 0x62, 0xd3, 0x42, 0x14,
    0xb0, 0x01, 0x7f, 0xf7, 0xf2, 0xf6, 0x51, 0x07, 0x3e, 0xe2, 0xaa, 0xb1,
    0x60, 0x15, 0x1d, 0x30, 0x3b, 0xde, 0xea, 0xe3, 0x62, 0x7f, 0x0a, 0xff,
    0x14, 0x72, 0x0f, 0x56, 0x32, 0xb5, 0x05, 0x1f, 0xf2, 0xb6, 0xf9, 0x49,
    0xe4, 0xc5, 0x00, 0x41, 0xf9, 0x14, 0x36, 0xfc, 0xdd, 0x32, 0xe7, 0xda,
    0x10, 0x0c, 0xdc, 0x57, 0xf7, 0x2d, 0xeb, 0xc4, 0xe2, 0xeb, 0x72, 0x21,
    0x25, 0x15, 0xe4, 0xda, 0x1a, 0x12, 0xfd, 0xe1, 0xcf, 0x2d, 0x00, 0xe1,
    0xc5, 0xca, 0xd5, 0x5f, 0x27, 0x1e, 0x1a, 0xcc, 0x19, 0xff, 0xc9, 0x02,
    0xb5, 0x17, 0x24, 0x0e, 0xfc, 0xd1, 0xaa, 0xe8, 0x41, 0xf1, 0x71, 0x81,
    0xfa, 0xcb, 0xfe, 0xa3, 0xe7, 0x14, 0xf7, 0x03, 0x51, 0xe5, 0xca, 0xce,
    0x23, 0xb4, 0xee, 0xc1, 0x33, 0xf3, 0xfd, 0xaf, 0x4e, 0x7f, 0xc8, 0x86,
    0xcb, 0xab, 0xd8, 0xea, 0xf1, 0x0b, 0x13, 0x1d, 0x41, 0x2e, 0xf9, 0x1c,
    0x5b, 0x1b, 0x48, 0xd5, 0x39, 0x46, 0x03, 0x12, 0x56, 0x51, 0x1c, 0x1e,
    0x1d, 0x46, 0x2e, 0x26, 0x30, 0xec, 0x2c, 0xf0, 0xe2, 0xe4, 0x16, 0x7f,
    0xd7, 0xfe, 0x5b, 0x14, 0x11, 0x17, 0xcc, 0x00, 0xec, 0xde, 0x2d, 0x00,
    0x26, 0x05, 0xfe, 0xe2, 0xea, 0xdf, 0xe0, 0xd7, 0x56, 0x1c, 0xf2, 0xd7,
    0xa3, 0xd4, 0xdf, 0x3e, 0xa7, 0x12, 0x35, 0xf8, 0xbb, 0xdb, 0xe1, 0x35,
    0xce, 0x1d, 0x16, 0xd3, 0x2d, 0xf5, 0xd0, 0xec, 0xea, 0xee, 0x4a, 0x46,
    0xf4, 0xbd, 0xed, 0x05, 0xf7, 0x29, 0x25, 0xff, 0x99, 0x7f, 0xd8, 0xf0,
    0x96, 0xe0, 0xfa, 0x5a, 0xee, 0x1a, 0xff, 0x39, 0x31, 0x4c, 0x21, 0xc4,
    0x04, 0xe1, 0x17, 0x08, 0x40, 0xcc, 0x38, 0xde, 0x26, 0x16, 0x1a, 0x2c,
    0xd2, 0xe9, 0x0c, 0xd7, 0xd4, 0x3c, 0x3d, 0xdf, 0xf6, 0xe8, 0x0d, 0x4c,
    0x63, 0x43, 0xf0, 0xc8, 0xaf, 0xf3, 0xd3, 0xe0, 0x02, 0xc6, 0x03, 0xe1,
    0x9f, 0xbb, 0x18, 0x29, 0xcf, 0x20, 0xfe, 0xd4, 0xeb, 0x3f, 0x1c, 0x5a,
    0xea, 0xc4, 0x57, 0xac, 0xff, 0x5f, 0x81, 0xd1, 0xdc, 0xf2, 0x34, 0xb7,
    0xe7, 0x32, 0xae, 0xec, 0x11, 0xef, 0x18, 0xd1, 0x01, 0x20, 0xf3, 0x1e,
    0x41, 0xf1, 0xd3, 0xe9, 0x34, 0x2b, 0x1a, 0x21, 0xff, 0x2c, 0x11, 0xf8,
    0x20, 0xbd, 0xfc, 0x1b, 0x02, 0x1b, 0x44, 0xd5, 0xdd, 0x3e, 0x51, 0x16,
    0x18, 0xdf, 0x12, 0xfd, 0x2a, 0x26, 0xf8, 0xe7, 0x7f, 0x62, 0x14, 0x02,
    0x24, 0xf6, 0x53, 0xd5, 0x1e, 0x2d, 0xe2, 0x0b, 0x5c, 0xc3, 0x12, 0xf9,
    0x52, 0xdf, 0x28, 0x36, 0x21, 0xd5, 0xa7, 0x56, 0xd9, 0xcd, 0x1d, 0xae,
    0xd0, 0x16, 0x11, 0x2d, 0xde, 0xd0, 0xde, 0x16, 0x05, 0x34, 0xeb, 0xdd,
    0xe1, 0x22, 0x3b, 0xe7, 0x15, 0x1a, 0xdf, 0xfd, 0xcf, 0xdd, 0xd1, 0x2b,
    0xf6, 0x76, 0x81, 0x40, 0xd3, 0xf1, 0xdf, 0x7e, 0x69, 0xd5, 0xea, 0x69,
    0xd1, 0xd9, 0x2f, 0xf0, 0x5c, 0xb4, 0x17, 0xd0, 0x52, 0xe4, 0x9d, 0xdb,
    0x38, 0xe7, 0xfd, 0xe2, 0xf8, 0xe0, 0x81, 0x0d, 0x0f, 0xd8, 0xd2, 0x76,
    0xf6, 0xe0, 0xc9, 0x69, 0xe6, 0x6b, 0x12, 0x60, 0xef, 0x25, 0xf1, 0xd4,
    0xe8, 0x06, 0xe8, 0x70, 0x11, 0x08, 0xf2, 0xe8, 0x0a, 0xd4, 0x25, 0x7f,
    0xf5, 0xcf, 0x32, 0x17, 0xdb, 0xf4, 0xdb, 0x2f, 0xeb, 0x29, 0x2f, 0xfa,
    0xdd, 0xf2, 0x3f, 0x32, 0xef, 0xf1, 0xe8, 0xef, 0x1e, 0x53, 0x00, 0xd3,
    0xdc, 0x13, 0x3b, 0x47, 0xdf, 0x2f, 0xd6, 0x0b, 0x0b, 0xd2, 0x31, 0x0e,
    0xe2, 0xe2, 0xf3, 0xc9, 0xd0, 0xc3, 0xee, 0x19, 0x01, 0xe9, 0x3c, 0x47,
    0x15, 0xb9, 0x1f, 0xdf, 0x2c, 0x4f, 0xf6, 0x98, 0xb8, 0x7f, 0xe4, 0xe9,
    0x29, 0xf6, 0xb7, 0x00, 0x4d, 0x3a, 0xd8, 0xfd, 0x47, 0x35, 0x0a, 0x00,
    0xe7, 0xf1, 0xf5, 0x22, 0x5d, 0x10, 0x45, 0xc3, 0x3a, 0x0b, 0xfe, 0x29,
    0x02, 0xd3, 0x73, 0x2c, 0xfd, 0x24, 0xb9, 0x7f, 0x56, 0x05, 0x09, 0xea,
    0xce, 0x09, 0x25, 0xd7, 0xe2, 0xa1, 0x05, 0xf6, 0xc8, 0xb6, 0x0e, 0xd8,
    0x33, 0x44, 0x26, 0xec, 0xe9, 0xef, 0xba, 0xfc, 0xdf, 0x2a, 0xa6, 0xe7,
    0x25, 0xf5, 0x82, 0x2b, 0xcc, 0xbc, 0xfe, 0x7d, 0xba, 0x38, 0x06, 0xe9,
    0xb8, 0x12, 0x1c, 0x57, 0x27, 0xdb, 0x10, 0xd9, 0xf6, 0xc0, 0xef, 0xcb,
    0x61, 0x19, 0x6e, 0xee, 0x51, 0xdb, 0x01, 0x15, 0x11, 0x30, 0x1e, 0xfe,
    0xf5, 0x7f, 0x1f, 0xf7, 0x4d, 0x16, 0x29, 0x2a, 0x0b, 0xc3, 0xe8, 0x48,
    0xa6, 0xeb, 0x0b, 0x20, 0xb5, 0x0e, 0x66, 0xef, 0xa2, 0xd6, 0xd0, 0xf0,
    0xf3, 0xfa, 0xda, 0x09, 0x0e, 0x6d, 0x2f, 0x10, 0x56, 0x35, 0x50, 0xf9,
    0xfe, 0x1e, 0xf2, 0xf2, 0xf6, 0xa3, 0x2e, 0xe6, 0x2d, 0x5b, 0x1a, 0xe9,
    0x29, 0x0b, 0x5d, 0x34, 0x11, 0x3d, 0xc0, 0xba, 0x0b, 0xf8, 0xa4, 0xac,
    0xf8, 0xe6, 0xc4, 0x30, 0xf4, 0xa1, 0xc9, 0x7f, 0xfd, 0xf8, 0xf1, 0xfb,
    0xfe, 0xc0, 0x12, 0xff, 0x1a, 0xd0, 0xe0, 0x33, 0x1b, 0xc2, 0x2c, 0xad,
    0x4b, 0x13, 0x45, 0xe4, 0x03, 0xeb, 0xf8, 0x02, 0x20, 0x38, 0x4c, 0x33,
    0xd8, 0x7f, 0xf6, 0xfa, 0x2c, 0xe7, 0x49, 0x1d, 0xea, 0xde, 0xe1, 0x16,
    0x10, 0xe1, 0xd4, 0xf1, 0xdc, 0xee, 0x3b, 0x06, 0x22, 0xfd, 0xd8, 0xdc,
    0x17, 0xec, 0x1a, 0x21, 0x41, 0x17, 0x60, 0xd2, 0x33, 0xdd, 0xd8, 0xf4,
    0x00, 0x7f, 0x64, 0x2a, 0x50, 0xe5, 0xa6, 0x0f, 0x11, 0xee, 0x29, 0xd9,
    0xe0, 0x6c, 0x1e, 0x12, 0x02, 0x1c, 0xf1, 0x24, 0xbd, 0xa4, 0xef, 0x4d,
    0x89, 0xea, 0x44, 0xe0, 0x01, 0x59, 0xeb, 0x34, 0xc3, 0x1c, 0x99, 0x21,
    0xc2, 0xdd, 0xc5, 0xad, 0x05, 0xa7, 0xf7, 0x24, 0x51, 0xc6, 0x26, 0x5b,
    0xc4, 0x00, 0x28, 0xef, 0xe3, 0xda, 0xa4, 0xc8, 0x7c, 0xf7, 0x2d, 0xf4,
    0x01, 0xf1, 0xe2, 0xe9, 0xe4, 0xc1, 0xb4, 0x02, 0xd9, 0xcf, 0xda, 0x7f,
    0xce, 0xe3, 0xe6, 0x2a, 0xbe, 0x7c, 0xe2, 0x76, 0x2c, 0x3b, 0xcc, 0x13,
    0x17, 0x15, 0xb8, 0x08, 0xad, 0x3b, 0x9a, 0xfe, 0x22, 0x73, 0x0e, 0x5e,
    0x81, 0xe9, 0xd2, 0x63, 0xc1, 0x46, 0xcd, 0xf7, 0x09, 0xfc, 0xad, 0xdc,
    0x4e, 0xeb, 0x4e, 0xb9, 0xdd, 0x12, 0x83, 0x17, 0xe3, 0x50, 0x8a, 0x92,
    0xec, 0x59, 0x09, 0x7f, 0x8c, 0xfa, 0xb2, 0x3e, 0xf0, 0x14, 0x3f, 0x45,
    0xb9, 0xd4, 0x12, 0xd1, 0x0d, 0x1a, 0xeb, 0xea, 0xd7, 0x4a, 0xc1, 0xf3,
    0x14, 0x3d, 0x1b, 0x1c, 0xbd, 0x27, 0x08, 0x5f, 0x4b, 0x27, 0x46, 0x23,
    0x7f, 0x4b, 0x0d, 0xe3, 0x61, 0xc6, 0x42, 0x22, 0xcb, 0xda, 0xfa, 0xde,
    0x07, 0xf4, 0xda, 0x18, 0xbc, 0xe0, 0xc9, 0x52, 0x24, 0x23, 0xfa, 0xaf,
    0x17, 0x13, 0xef, 0xba, 0x3c, 0xec, 0x7b, 0xb9, 0x89, 0xc6, 0x5b, 0x20,
    0xc8, 0x37, 0x00, 0x27, 0xe4, 0x7d, 0xc7, 0xd2, 0x08, 0x14, 0x5b, 0x24,
    0xd7, 0xfd, 0xd1, 0xd0, 0x52, 0x6a, 0x67, 0x07, 0xeb, 0x0c, 0xd5, 0xe8,
    0xee, 0x04, 0xaa, 0x61, 0x1b, 0x0a, 0x7d, 0xb0, 0x15, 0x81, 0xfa, 0xd1,
    0xd4, 0xb0, 0x2c, 0xe9, 0xe4, 0x2c, 0xee, 0x2f, 0x02, 0xee, 0x29, 0xb6,
    0xde, 0x05, 0xe8, 0x00, 0x30, 0x94, 0x0c, 0xdb, 0x4c, 0xf1, 0xde, 0x96,
    0xcd, 0xd7, 0x7c, 0x01, 0xd5, 0x0e, 0xc7, 0x33, 0x0a, 0xfc, 0xf9, 0xec,
    0x1d, 0x01, 0x27, 0xcb, 0xde, 0xd5, 0xe2, 0xea, 0xe4, 0x51, 0x0c, 0x81,
    0x03, 0x05, 0xca, 0x29, 0xde, 0xe1, 0x4f, 0xca, 0x3f, 0xda, 0xb2, 0x37,
    0x37, 0xef, 0xdf, 0xdc, 0x31, 0xdf, 0xf7, 0xca, 0x54, 0xfa, 0x05, 0x07,
    0xec, 0xe0, 0x21, 0x14, 0xc6, 0xcb, 0x17, 0xfb, 0x31, 0x31, 0x30, 0x7f,
    0xcf, 0x91, 0x12, 0x4f, 0x02, 0x7b, 0x31, 0xe0, 0x2b, 0x09, 0x0b, 0x27,
    0xf9, 0x31, 0xe3, 0x31, 0x11, 0x25, 0x0e, 0xf8, 0xf9, 0x10, 0xd7, 0xac,
    0xc6, 0x30, 0x0a, 0x12, 0xca, 0x12, 0xe5, 0x65, 0xf0, 0xdc, 0x5d, 0xf5,
    0x09, 0x4c, 0x0c, 0xc5, 0xa2, 0x02, 0x1c, 0x47, 0x07, 0xdf, 0x13, 0x81,
    0xd7, 0xe7, 0xff, 0xd3, 0xc8, 0xc8, 0xd4, 0x41, 0xeb, 0xd1, 0xe3, 0x11,
    0xf0, 0x21, 0x24, 0xe8, 0x4a, 0xc1, 0xe4, 0x4a, 0xde, 0xd7, 0xec, 0xcd,
    0xfd, 0x02, 0x24, 0x2e, 0x36, 0x4f, 0xdc, 0x21, 0xe0, 0x35, 0x38, 0x05,
    0x1e, 0x7f, 0xf0, 0xc9, 0x55, 0x1e, 0x3f, 0x18, 0x0d, 0xec, 0xf7, 0x0d,
    0xe7, 0x2a, 0xd9, 0x44, 0xee, 0x00, 0x34, 0xda, 0x0b, 0xb7, 0xc5, 0xef,
    0x05, 0xeb, 0xe6, 0xeb, 0x0a, 0xdf, 0xef, 0xe6, 0xdb, 0x3c, 0xa6, 0xfa,
    0xfd, 0xef, 0xc7, 0x06, 0x04, 0x25, 0x21, 0x2e, 0x28, 0xe7, 0x5f, 0x31,
    0x31, 0xcc, 0x22, 0x07, 0xf6, 0xb2, 0x7f, 0x01, 0xfb, 0x44, 0x2a, 0x1f,
    0x6a, 0x46, 0x37, 0x50, 0xde, 0x21, 0x1f, 0xfc, 0x77, 0x49, 0xe4, 0xf8,
    0xd9, 0x36, 0x4b, 0x04, 0x2f, 0x11, 0xf3, 0xca, 0xed, 0xe8, 0xe7, 0xfa,
    0x0e, 0x15, 0x7f, 0x20, 0x0b, 0xc9, 0xd7, 0x45, 0xe1, 0x67, 0x5b, 0x6d,
    0xf1, 0x62, 0x38, 0x15, 0x25, 0xe6, 0x51, 0x35, 0xdb, 0xf6, 0x32, 0x04,
    0x21, 0xf9, 0x1f, 0xff, 0xc6, 0xfd, 0x08, 0x29, 0xf0, 0xd4, 0xed, 0x1f,
    0xe4, 0x00, 0x18, 0x0c, 0xde, 0x11, 0xdd, 0x4d, 0xcd, 0x54, 0x25, 0x1d,
    0xfd, 0xab, 0xfc, 0x31, 0x07, 0x21, 0xcf, 0x0f, 0x2a, 0xf5, 0xdb, 0xa5,
    0xdb, 0xcf, 0x0b, 0x07, 0x01, 0xfb, 0x0e, 0xed, 0x0c, 0x79, 0xaa, 0xe4,
    0x60, 0x7f, 0x7c, 0x0d, 0x1f, 0x3b, 0xf9, 0xe8, 0x0a, 0xfb, 0x3e, 0x0f,
    0x24, 0x2a, 0x05, 0x03, 0x0c, 0xe3, 0x53, 0x3d, 0x29, 0xff, 0xec, 0xde,
    0x52, 0x35, 0x09, 0x18, 0x43, 0xb6, 0x35, 0xf5, 0x7f, 0xed, 0xe6, 0xe7,
    0x07, 0x72, 0x48, 0x39, 0x2d, 0xd4, 0xef, 0x2e, 0xed, 0xc8, 0xd1, 0xf7,
    0xf0, 0xd7, 0xb9, 0x7c, 0xe3, 0xe7, 0x38, 0x1f, 0xc5, 0x30, 0xe5, 0xab,
    0xef, 0x11, 0xae, 0x57, 0xf8, 0x38, 0x9e, 0xd7, 0xe4, 0xe0, 0xc8, 0xa9,
    0x21, 0x11, 0xd0, 0xd6, 0x2b, 0x64, 0xcd, 0x1f, 0xf0, 0xe3, 0xe9, 0xee,
    0xee, 0xee, 0xae, 0xf0, 0x81, 0x00, 0xea, 0x31, 0xf0, 0xf8, 0xdb, 0xf9,
    0xf7, 0xa8, 0x56, 0x86, 0x3d, 0x2c, 0xe6, 0xd9, 0xda, 0x2a, 0xa2, 0x54,
    0x1e, 0x3f, 0x0d, 0xce, 0xd6, 0x65, 0xad, 0x10, 0x2a, 0x41, 0xcd, 0x06,
    0x0b, 0x10, 0x1b, 0x3f, 0xc5, 0xf6, 0xe4, 0x3f, 0x0f, 0x0f, 0x01, 0xc0,
    0x13, 0x0b, 0x40, 0x38, 0x1b, 0xf0, 0x81, 0x13, 0xab, 0x0c, 0x95, 0xa8,
    0xdb, 0x24, 0x38, 0x45, 0x2a, 0x27, 0xa5, 0x53, 0xf0, 0xe5, 0x75, 0x07,
    0xab, 0xc0, 0xd3, 0xe1, 0xee, 0x2e, 0x12, 0xd2, 0x13, 0xdf, 0xe8, 0x17,
    0xcc, 0x1b, 0x0d, 0x07, 0x00, 0x19, 0xbe, 0x39, 0xfe, 0xbe, 0x1a, 0xf3,
    0x31, 0xdd, 0xe2, 0xa4, 0x94, 0xf8, 0xf6, 0xe0, 0xf6, 0x6f, 0x22, 0x07,
    0xa3, 0x8c, 0xe9, 0xdb, 0x28, 0x77, 0xc1, 0xfc, 0x08, 0x02, 0xf4, 0x7f,
    0xd8, 0x23, 0x1c, 0xc2, 0x3c, 0xfe, 0xad, 0x02, 0x0d, 0xf3, 0xc9, 0xbe,
    0x15, 0x3c, 0x0f, 0x66, 0x10, 0xb3, 0xe3, 0x41, 0xe7, 0xe5, 0x29, 0xf8,
    0x0f, 0x79, 0x32, 0x68, 0x0e, 0x81, 0xc4, 0x4c, 0xa2, 0xd1, 0xf3, 0xa6,
    0x98, 0xbf, 0xe4, 0x39, 0xe0, 0xd3, 0x24, 0xf6, 0xa3, 0xad, 0xdd, 0x4c,
    0xf4, 0x0b, 0x03, 0x13, 0xe8, 0x31, 0x1b, 0x32, 0x09, 0x1d, 0x02, 0x16,
    0x2e, 0xf0, 0xe6, 0xff, 0x18, 0xe7, 0x32, 0x0c, 0xf9, 0xfa, 0xd9, 0xc6,
    0xbd, 0xec, 0x0d, 0x4d, 0xe9, 0x42, 0xc6, 0xfb, 0x18, 0xfc, 0xe8, 0xee,
    0xec, 0x0b, 0x21, 0x1e, 0x42, 0xf4, 0x83, 0xcd, 0xf6, 0xfd, 0x7f, 0xa5,
    0x9a, 0xee, 0xcc, 0x06, 0xd5, 0xf2, 0x37, 0x57, 0xbc, 0x45, 0x3f, 0xf8,
    0x0d, 0xc9, 0xf8, 0xfe, 0xc1, 0x6e, 0xf3, 0xa1, 0xc5, 0x6c, 0xaa, 0xdb,
    0x9e, 0xc3, 0x81, 0xeb, 0x5d, 0x3c, 0x2e, 0x25, 0xf7, 0x4a, 0xb8, 0x1d,
    0xdc, 0xc6, 0x14, 0xe7, 0x30, 0x4b, 0x08, 0x97, 0x52, 0x2f, 0x0c, 0x07,
    0xf0, 0x25, 0x1c, 0xf6, 0x5e, 0x42, 0x36, 0xc4, 0xf1, 0xf3, 0xc7, 0x10,
    0xda, 0x11, 0x39, 0x29, 0xe2, 0xe7, 0xb3, 0x3c, 0xf3, 0x56, 0x50, 0x3c,
    0x0f, 0x04, 0x4e, 0x2d, 0xcf, 0x81, 0x35, 0x0c, 0x01, 0x23, 0x04, 0x0d,
    0x2b, 0x05, 0x43, 0x2b, 0xda, 0x17, 0x1e, 0x0e, 0xf9, 0xf7, 0xf6, 0xc5,
    0x1b, 0x31, 0xb5, 0xcf, 0xd6, 0xf0, 0xff, 0xff, 0x04, 0x00, 0x00, 0x00,
    0x00, 0x01, 0x00, 0x00, 0x7c, 0xfe, 0xff, 0xff, 0x76, 0xf2, 0xff, 0xff,
    0xe7, 0x04, 0x00, 0x00, 0x29, 0x04, 0x00, 0x00, 0x6a, 0xfd, 0xff, 0xff,
    0x1f, 0x0d, 0x00, 0x00, 0xd7, 0xfa, 0xff, 0xff, 0x4f, 0xfc, 0xff, 0xff,
    0xc6, 0xfd, 0xff, 0xff, 0x12, 0xe6, 0xff, 0xff, 0xc2, 0x04, 0x00, 0x00,
    0xde, 0xf4, 0xff, 0xff, 0x02, 0x0c, 0x00, 0x00, 0x9d, 0xfe, 0xff, 0xff,
    0x45, 0xf6, 0xff, 0xff, 0x52, 0xf0, 0xff, 0xff, 0x85, 0x10, 0x00, 0x00,
    0xf3, 0x0f, 0x00, 0x00, 0xa3, 0xf1, 0xff, 0xff, 0x8c, 0x09, 0x00, 0x00,
    0x01, 0xf5, 0xff, 0xff, 0x7c, 0x13, 0x00, 0x00, 0x89, 0xf2, 0xff, 0xff,
    0x6e, 0xf0, 0xff, 0xff, 0x97, 0x06, 0x00, 0x00, 0x1d, 0xe5, 0xff, 0xff,
    0x0a, 0x0b, 0x00, 0x00, 0xa8, 0xf4, 0xff, 0xff, 0x9e, 0xfa, 0xff, 0xff,
    0x33, 0xf1, 0xff, 0xff, 0x86, 0x08, 0x00, 0x00, 0x9d, 0xee, 0xff, 0xff,
    0x11, 0x07, 0x00, 0x00, 0x5c, 0xfa, 0xff, 0xff, 0x1b, 0x0a, 0x00, 0x00,
    0x34, 0xe5, 0xff, 0xff, 0x8b, 0x01, 0x00, 0x00, 0x16, 0x00, 0x00, 0x00,
    0xe5, 0xfe, 0xff, 0xff, 0x39, 0xf6, 0xff, 0xff, 0xf4, 0x07, 0x00, 0x00,
    0x9e, 0xff, 0xff, 0xff, 0x0e, 0xf7, 0xff, 0xff, 0xc5, 0xfc, 0xff, 0xff,
    0x1d, 0x03, 0x00, 0x00, 0x80, 0x06, 0x00, 0x00, 0xa7, 0x02, 0x00, 0x00,
    0x74, 0xf0, 0xff, 0xff, 0x83, 0xfa, 0xff, 0xff, 0xdb, 0x08, 0x00, 0x00,
    0x2e, 0xf4, 0xff, 0xff, 0x30, 0x09, 0x00, 0x00, 0x64, 0xfc, 0xff, 0xff,
    0x6c, 0xdb, 0xff, 0xff, 0xce, 0xf1, 0xff, 0xff, 0xa5, 0xec, 0xff, 0xff,
    0x31, 0xf1, 0xff, 0xff, 0x41, 0x14, 0x00, 0x00, 0x30, 0x05, 0x00, 0x00,
    0x00, 0x0d, 0x00, 0x00, 0xe3, 0x10, 0x00, 0x00, 0xbb, 0x03, 0x00, 0x00,
    0x41, 0x02, 0x00, 0x00, 0xaa, 0xf3, 0xff, 0xff, 0xe2, 0xf1, 0xff, 0xff,
    0x04, 0x00, 0x00, 0x00, 0x00, 0x02, 0x00, 0x00, 0x1e, 0xd9, 0xdb, 0xfa,
    0x43, 0xd9, 0x07, 0xfe, 0xea, 0x67, 0xef, 0xe8, 0x1c, 0xea, 0x6f, 0x0d,
    0x52, 0x5b, 0x69, 0x5a, 0x3c, 0x28, 0x64, 0x19, 0x74, 0x81, 0x24, 0x4e,
    0xe2, 0x31, 0x3f, 0x07, 0xf9, 0xb0, 0xdb, 0xe4, 0x44, 0x50, 0xd3, 0x52,
    0x3c, 0x41, 0x2a, 0xfa, 0x08, 0x02, 0xd5, 0xde, 0x1a, 0x09, 0x0c, 0x4f,
    0x06, 0x49, 0xb5, 0xad, 0x2c, 0x7d, 0x98, 0x36, 0x32, 0x4f, 0x1c, 0x14,
    0x45, 0xf4, 0x4a, 0x42, 0x48, 0x20, 0x34, 0x72, 0x69, 0xe2, 0x27, 0x09,
    0x5d, 0x1a, 0xe8, 0x57, 0x48, 0x19, 0xec, 0x4a, 0x05, 0x75, 0xdd, 0x10,
    0x30, 0xf8, 0x13, 0x05, 0x68, 0xdf, 0x7f, 0x18, 0x56, 0x29, 0x13, 0xe2,
    0x22, 0x26, 0x62, 0x53, 0xe7, 0x55, 0xfd, 0x26, 0x11, 0x46, 0x39, 0xd1,
    0x4e, 0x14, 0xee, 0x59, 0x59, 0xc4, 0x4e, 0x45, 0x2a, 0x55, 0x20, 0x51,
    0xf4, 0x5b, 0x74, 0xe6, 0x21, 0xd4, 0x3d, 0xe8, 0xbb, 0x08, 0xad, 0xc0,
    0x0a, 0x6c, 0x5c, 0xe4, 0x10, 0x1d, 0x53, 0xef, 0x04, 0xe9, 0x40, 0x0e,
    0xef, 0xd4, 0x0c, 0x05, 0xd2, 0x49, 0xfc, 0x2f, 0xc1, 0x19, 0x1c, 0xf9,
    0xc2, 0xca, 0x3c, 0x28, 0xba, 0xe7, 0xd1, 0xf9, 0xf2, 0xba, 0x7f, 0xa3,
    0x4b, 0x3a, 0x59, 0x7d, 0xc2, 0x32, 0xc5, 0x3c, 0xa3, 0x43, 0xff, 0x47,
    0x26, 0x16, 0x5d, 0x01, 0xfe, 0x13, 0xe7, 0x1f, 0x40, 0xb8, 0xbf, 0x3e,
    0x48, 0xf6, 0x93, 0x4b, 0xaa, 0xd9, 0x2a, 0xd6, 0x0a, 0xc0, 0xa0, 0x58,
    0xa5, 0x3e, 0xff, 0xdf, 0x81, 0x50, 0x06, 0x43, 0x92, 0x26, 0xe2, 0x32,
    0xbb, 0xde, 0x8e, 0x00, 0x50, 0xdf, 0x92, 0xb9, 0xdb, 0x19, 0x20, 0x18,
    0xc1, 0x81, 0x59, 0xe0, 0xe4, 0xd6, 0x9d, 0x37, 0xba, 0xb7, 0xa7, 0x10,
    0x4d, 0xc8, 0xfd, 0x90, 0xf8, 0x20, 0xe6, 0x2c, 0xed, 0xd7, 0xb1, 0x04,
    0x43, 0x1e, 0x06, 0x32, 0xf6, 0x26, 0x47, 0x1e, 0xac, 0x5a, 0x07, 0x63,
    0x1a, 0xf2, 0x42, 0xfe, 0x33, 0x06, 0x7b, 0x62, 0x28, 0x50, 0x0a, 0x59,
    0x7f, 0xca, 0x44, 0x62, 0xf2, 0x1c, 0x16, 0x48, 0xf5, 0xdf, 0xd0, 0x9f,
    0x43, 0x22, 0xd1, 0x1d, 0x15, 0x1f, 0xf3, 0xfc, 0xca, 0x09, 0x25, 0xcb,
    0x1d, 0x57, 0xf3, 0x08, 0x2f, 0xd3, 0xe1, 0x23, 0x0c, 0x31, 0x01, 0x08,
    0xea, 0x4f, 0x50, 0x37, 0x3e, 0xd4, 0x2a, 0x0f, 0x0d, 0x5c, 0x39, 0x02,
    0x3e, 0xdd, 0x08, 0xbc, 0xef, 0x06, 0x9e, 0x38, 0x1f, 0x14, 0xaf, 0x3e,
    0x26, 0x4a, 0xd1, 0x03, 0xf7, 0xed, 0x50, 0xa4, 0x06, 0xf3, 0x9b, 0x04,
    0x6f, 0x27, 0xfa, 0xc4, 0x16, 0x39, 0x26, 0xed, 0x48, 0x7f, 0xae, 0x16,
    0x2e, 0x59, 0x0a, 0xdf, 0x4f, 0x10, 0x3a, 0x05, 0x3e, 0xe8, 0x58, 0xc4,
    0xd2, 0x44, 0xd4, 0x12, 0x58, 0xcb, 0xb0, 0xf8, 0xfe, 0xdf, 0xf7, 0xf6,
    0x06, 0x00, 0x37, 0xf4, 0x1d, 0x3d, 0x02, 0xb9, 0xf4, 0x1c, 0x69, 0x1f,
    0x18, 0x43, 0x0e, 0x4a, 0x34, 0xe8, 0x4a, 0x31, 0x04, 0xdf, 0x03, 0x03,
    0x04, 0x47, 0x8b, 0x20, 0x2a, 0xbd, 0x83, 0x2f, 0xcc, 0x3a, 0xb2, 0xed,
    0x65, 0x13, 0x0e, 0xf5, 0x07, 0x1e, 0x4d, 0x37, 0xd7, 0x2e, 0x2e, 0x22,
    0x48, 0x37, 0x15, 0x0b, 0x7f, 0x3b, 0x26, 0xfc, 0x2e, 0xb6, 0xcf, 0xec,
    0xb9, 0x31, 0x37, 0x24, 0x40, 0x2e, 0x44, 0x7f, 0x63, 0x22, 0xd1, 0x06,
    0x27, 0xe8, 0x20, 0x55, 0x34, 0x5d, 0xca, 0xcd, 0x05, 0xee, 0xe8, 0x06,
    0xff, 0x4a, 0x0b, 0xc1, 0x3d, 0x11, 0x60, 0x05, 0x33, 0x3c, 0x56, 0x65,
    0x71, 0x6d, 0x6d, 0x2c, 0xe4, 0x27, 0xf6, 0x2a, 0xe8, 0x65, 0x53, 0xc2,
    0x01, 0x2e, 0x5e, 0xf0, 0x45, 0x51, 0xf2, 0x0c, 0x00, 0xe3, 0x22, 0x2a,
    0x46, 0x3c, 0x15, 0xfa, 0xee, 0xf3, 0xff, 0xff, 0x04, 0x00, 0x00, 0x00,
    0x00, 0x02, 0x00, 0x00, 0x31, 0x4b, 0x81, 0x16, 0x1c, 0x0f, 0xf8, 0xeb,
    0x2b, 0x37, 0xf9, 0x20, 0x20, 0xed, 0x10, 0x7f, 0x29, 0x38, 0x7f, 0x22,
    0x1c, 0x07, 0xf3, 0x47, 0x12, 0x69, 0xbe, 0x3b, 0x7f, 0xdd, 0x13, 0x30,
    0x15, 0xc9, 0xea, 0x34, 0x60, 0x78, 0x7f, 0xd0, 0xc2, 0x54, 0x81, 0xf8,
    0xfd, 0x1c, 0xf4, 0x2a, 0x52, 0x4e, 0x81, 0x21, 0x48, 0x19, 0x15, 0xd1,
    0x34, 0x54, 0x81, 0xfe, 0x35, 0xf5, 0x0a, 0xfd, 0xef, 0x09, 0x89, 0xff,
    0x90, 0x7f, 0x3c, 0x20, 0x69, 0xfe, 0x38, 0xcb, 0x7f, 0xe0, 0x4a, 0xe2,
    0x40, 0x39, 0x7f, 0xef, 0xfe, 0x24, 0x1d, 0xf9, 0x0c, 0x0f, 0x81, 0x21,
    0x4e, 0xff, 0xc2, 0x26, 0x4b, 0x3b, 0xf4, 0x13, 0x04, 0x13, 0x10, 0x7f,
    0x41, 0x59, 0x7f, 0xe9, 0x28, 0x13, 0x4f, 0x17, 0x1c, 0x22, 0x9c, 0xc5,
    0x31, 0x14, 0x69, 0x7f, 0x22, 0x3c, 0x7c, 0xc7, 0xd2, 0xfe, 0x7f, 0x39,
    0x0b, 0x10, 0x81, 0x01, 0x12, 0x2c, 0xfc, 0x02, 0x7f, 0x1a, 0x93, 0xf5,
    0x26, 0x28, 0x39, 0xf1, 0x6c, 0x1e, 0x1f, 0xfa, 0x7f, 0x17, 0x0e, 0xdb,
    0xe9, 0x33, 0x81, 0x22, 0x5e, 0x58, 0xdd, 0xef, 0x20, 0x60, 0xc8, 0xe9,
    0x4d, 0xde, 0x7f, 0x53, 0xf1, 0x24, 0x7f, 0x38, 0x30, 0x20, 0x62, 0x71,
    0x19, 0x2e, 0x7f, 0xff, 0x30, 0x1d, 0x29, 0x0a, 0x25, 0x24, 0x7f, 0x08,
    0x17, 0x06, 0x69, 0x2b, 0x06, 0x40, 0x81, 0x1f, 0x21, 0x3f, 0xec, 0x26,
    0xc1, 0x7f, 0x3c, 0x10, 0xeb, 0xf7, 0xbd, 0x7e, 0x12, 0x2c, 0x81, 0x1d,
    0x21, 0x29, 0x06, 0xff, 0x17, 0xf3, 0x81, 0xe0, 0x3b, 0xd6, 0x15, 0x3d,
    0xda, 0x39, 0x14, 0xc6, 0xd3, 0xd6, 0x7f, 0x4b, 0x7f, 0x50, 0x01, 0x47,
    0x5c, 0x05, 0x4e, 0x16, 0x40, 0x41, 0x7f, 0xfb, 0xeb, 0xe0, 0x26, 0x47,
    0x2a, 0x47, 0x7f, 0xcf, 0x49, 0x22, 0x55, 0x54, 0xf0, 0x7f, 0x25, 0xe5,
    0x71, 0x1a, 0x5c, 0x16, 0x00, 0x74, 0x6b, 0xdc, 0xfd, 0xf9, 0x7f, 0x44,
    0xfb, 0x18, 0x7f, 0x1a, 0xed, 0xac, 0xa5, 0x50, 0x4d, 0x3a, 0x7f, 0x02,
    0x27, 0x16, 0xfe, 0x20, 0x19, 0x09, 0x81, 0xf8, 0x46, 0x19, 0xe2, 0x08,
    0xfc, 0xfb, 0x81, 0xe4, 0x1f, 0xfe, 0x35, 0x1d, 0xe9, 0x18, 0x81, 0x11,
    0xf0, 0x37, 0xda, 0x2f, 0x7f, 0xfc, 0x81, 0xe0, 0x50, 0x04, 0xff, 0xfa,
    0x7e, 0x62, 0x34, 0x1f, 0x06, 0xd4, 0x7f, 0x78, 0xfb, 0x45, 0x81, 0x52,
    0xbb, 0x27, 0xce, 0x6d, 0x78, 0x15, 0x7f, 0x25, 0x1a, 0x4e, 0x09, 0x7b,
    0x17, 0x19, 0x81, 0x1a, 0xf3, 0x3e, 0xd9, 0x10, 0xd9, 0x39, 0x1d, 0xfb,
    0xe4, 0x43, 0xfc, 0x7f, 0xd7, 0xd3, 0x2c, 0x24, 0x6e, 0x1d, 0x7f, 0x75,
    0x51, 0x6c, 0x67, 0xb2, 0x4a, 0x49, 0x7f, 0x0e, 0x01, 0x3e, 0x7f, 0x26,
    0x50, 0x5f, 0x23, 0x0e, 0x49, 0x7f, 0x4b, 0xc2, 0x04, 0xfc, 0x4c, 0x65,
    0xfc, 0x45, 0x63, 0xe9, 0x25, 0xf2, 0x7f, 0x5c, 0xd5, 0x43, 0xff, 0xb8,
    0x7f, 0x16, 0x6a, 0x60, 0x3e, 0x7f, 0x6d, 0xc1, 0x5d, 0x4c, 0x2a, 0x00,
    0xc6, 0x33, 0x81, 0x34, 0xe0, 0x45, 0xea, 0x2e, 0x22, 0x23, 0x81, 0x20,
    0x13, 0x20, 0x33, 0x2a, 0x11, 0x52, 0xfd, 0x28, 0x7f, 0x23, 0x3d, 0x06,
    0xfc, 0xf8, 0x7c, 0xeb, 0x76, 0xc5, 0x50, 0x7f, 0x47, 0x70, 0xda, 0x24,
    0x45, 0xc2, 0x12, 0x7f, 0x5d, 0x22, 0xc0, 0xf6, 0x7f, 0x68, 0x48, 0x7d,
    0x03, 0x68, 0x7f, 0x3d, 0x33, 0x40, 0x1a, 0x49, 0x2d, 0x54, 0x32, 0xc7,
    0xed, 0x26, 0x4a, 0x7f, 0x51, 0xdc, 0x81, 0xce, 0x3f, 0x06, 0x2a, 0x5a,
    0xf0, 0x23, 0x7f, 0xf9, 0xe0, 0xa4, 0xc1, 0x3b, 0x72, 0x7f, 0x24, 0x3f,
    0xe9, 0xb6, 0x22, 0x26, 0x71, 0xfc, 0xd7, 0x2f, 0x7f, 0x03, 0x77, 0xf2,
    0xfa, 0xf5, 0xff, 0xff, 0x04, 0x00, 0x00, 0x00, 0x00, 0x05, 0x00, 0x00,
    0x2b, 0xd9, 0x1a, 0x00, 0x32, 0x2b, 0x1a, 0xe6, 0x13, 0xfa, 0x0d, 0xff,
    0xfb, 0x2d, 0xb5, 0x14, 0x15, 0x16, 0xd5, 0x17, 0xfa, 0x1c, 0x1c, 0x04,
    0x09, 0xfe, 0x1a, 0xcd, 0xf2, 0xfc, 0xb4, 0xec, 0x20, 0x02, 0xd5, 0xd8,
    0x0c, 0x10, 0x0d, 0xed, 0x10, 0x33, 0xc3, 0x20, 0x20, 0x02, 0xf8, 0x14,
    0x02, 0xe7, 0xfd, 0x2e, 0x29, 0x03, 0x1b, 0xbb, 0xf5, 0x16, 0xfa, 0x16,
    0x23, 0x81, 0xd5, 0x15, 0x98, 0x2c, 0xf0, 0x2d, 0x0e, 0x01, 0x05, 0x2d,
    0x54, 0xd8, 0xe7, 0xb1, 0xb2, 0x0a, 0xea, 0x2d, 0x3c, 0x34, 0x90, 0xd1,
    0x81, 0xcd, 0xc7, 0xc6, 0xfc, 0xd4, 0xe0, 0xb3, 0x3a, 0x19, 0x25, 0x02,
    0xdc, 0xa5, 0x39, 0x1f, 0xa2, 0xf9, 0x85, 0xc7, 0xca, 0x0e, 0x30, 0x1f,
    0x09, 0x21, 0xcc, 0x21, 0x02, 0x26, 0x28, 0x5b, 0xbe, 0xc2, 0x9f, 0x8c,
    0x1e, 0xd7, 0xc6, 0x11, 0xde, 0x2c, 0x2f, 0x90, 0xbf, 0x8e, 0xef, 0x38,
    0x2f, 0xca, 0x3b, 0xee, 0x18, 0xcc, 0xa6, 0xce, 0xdc, 0xdb, 0x9b, 0x12,
    0xa5, 0x99, 0x2e, 0x4b, 0x35, 0x2d, 0xc5, 0x4c, 0xf4, 0x31, 0xb1, 0xf4,
    0x39, 0xf1, 0xac, 0x49, 0xac, 0x2a, 0xb9, 0x33, 0xe9, 0xdb, 0xdf, 0x30,
    0xbb, 0x3b, 0xba, 0x42, 0xb5, 0xd0, 0xa3, 0xe7, 0x3f, 0xbd, 0x0d, 0xf2,
    0x49, 0x37, 0x26, 0x27, 0xcf, 0x21, 0x81, 0x04, 0x92, 0xb2, 0x1b, 0xcd,
    0x06, 0x81, 0x18, 0xf1, 0xdf, 0xf7, 0xec, 0xbe, 0xa2, 0x98, 0x4c, 0xc1,
    0x1e, 0xc5, 0xb7, 0x8d, 0xc9, 0x32, 0x2b, 0x35, 0xcf, 0x57, 0xeb, 0xe4,
    0xd9, 0xb8, 0x26, 0xe9, 0xe0, 0x8b, 0x29, 0xff, 0xed, 0xde, 0x36, 0xe5,
    0xd8, 0xe0, 0xc3, 0xb6, 0x36, 0x07, 0x36, 0xb2, 0x3c, 0xd8, 0x16, 0x0a,
    0x17, 0xfb, 0xae, 0x58, 0xd5, 0x8d, 0xb9, 0xce, 0xbc, 0x31, 0x42, 0x50,
    0x17, 0x5d, 0x05, 0xc4, 0xc2, 0x3b, 0xd7, 0xe8, 0xbf, 0x9c, 0x13, 0xce,
    0xf6, 0x47, 0xdc, 0x99, 0xdc, 0xf5, 0x2a, 0x97, 0x9b, 0x40, 0xda, 0xbe,
    0xfc, 0x1a, 0x38, 0x19, 0xa6, 0xf0, 0xce, 0x1f, 0xee, 0x36, 0xcc, 0xf3,
    0xda, 0xc9, 0xcd, 0x61, 0x9c, 0x0f, 0x81, 0xf0, 0x23, 0x9b, 0x30, 0xde,
    0xb7, 0xf6, 0x12, 0x4c, 0xab, 0xf2, 0x2d, 0xe0, 0xbe, 0x52, 0xe4, 0xd1,
    0x47, 0x04, 0x27, 0x10, 0x3b, 0xdd, 0x0c, 0x32, 0xa8, 0xf4, 0x43, 0xe7,
    0xee, 0x2d, 0xc3, 0xc3, 0xcb, 0x1c, 0x20, 0xb0, 0x81, 0x48, 0xe0, 0x2b,
    0x03, 0xa8, 0x1b, 0xc8, 0xca, 0xdc, 0xf6, 0xc1, 0xb8, 0x43, 0x8d, 0x99,
    0xd6, 0x16, 0xd2, 0x0c, 0xdc, 0xfb, 0x34, 0xfd, 0xc5, 0x9f, 0xc1, 0x09,
    0x99, 0x04, 0x3c, 0xe8, 0x51, 0x43, 0x33, 0x11, 0x15, 0x40, 0x08, 0xc3,
    0xe3, 0xcb, 0x31, 0x3d, 0x05, 0xdf, 0x2b, 0xab, 0x9b, 0xc4, 0x14, 0x23,
    0xd5, 0xa6, 0xac, 0x29, 0x81, 0xbc, 0x14, 0x18, 0x9c, 0x98, 0x15, 0xb7,
    0xec, 0xb5, 0x28, 0x18, 0x5d, 0xd0, 0x00, 0x48, 0xfb, 0x25, 0xac, 0x52,
    0x28, 0xbe, 0xd4, 0x58, 0xa2, 0x26, 0x9e, 0x58, 0xf8, 0xe0, 0x00, 0xbb,
    0xd8, 0x61, 0xa1, 0x00, 0x08, 0x28, 0xbe, 0xf3, 0x12, 0x2c, 0xe3, 0xbc,
    0xc1, 0x3d, 0x4e, 0x03, 0xea, 0xd0, 0xa2, 0xcc, 0x21, 0x3c, 0xbc, 0x29,
    0xae, 0xba, 0xf8, 0xbe, 0x48, 0xa8, 0x37, 0x04, 0xe5, 0xfe, 0x14, 0xc5,
    0xe8, 0xba, 0xc5, 0xb7, 0x16, 0xbc, 0x14, 0x94, 0x44, 0x43, 0x3a, 0xc5,
    0xe1, 0xf0, 0xce, 0x81, 0x34, 0x0e, 0xc7, 0x46, 0xfe, 0x35, 0x31, 0x45,
    0xf7, 0x40, 0xd4, 0x2e, 0xa4, 0xda, 0x21, 0x3f, 0xaa, 0xfe, 0x44, 0x2c,
    0xe6, 0xe1, 0xd2, 0x18, 0xdb, 0xca, 0xd0, 0x9b, 0x9c, 0x8b, 0x24, 0xbc,
    0xc5, 0x97, 0xe4, 0xa6, 0x99, 0x1a, 0x2a, 0x3c, 0xe2, 0x4e, 0xe7, 0x20,
    0x81, 0x12, 0xdc, 0x3b, 0xdd, 0xa3, 0x0f, 0x5f, 0x99, 0xe5, 0xcd, 0xea,
    0xe9, 0xfe, 0xe7, 0xeb, 0xb4, 0x17, 0xdb, 0xe6, 0xc1, 0x12, 0x1b, 0x3a,
    0x9d, 0xbb, 0xe4, 0x42, 0x07, 0x20, 0x3e, 0x25, 0x3e, 0xfd, 0x3a, 0xab,
    0x9a, 0xb7, 0x92, 0x9a, 0x25, 0x12, 0xfc, 0xbf, 0xc3, 0xf8, 0x42, 0x09,
    0xc4, 0x26, 0xf1, 0x41, 0x8a, 0x34, 0x07, 0x46, 0xaa, 0xe9, 0xf9, 0x24,
    0xf8, 0xf7, 0xcc, 0xb5, 0x81, 0x81, 0xed, 0xa1, 0xc0, 0x4a, 0x2e, 0xf9,
    0xdc, 0xa8, 0x3b, 0xe8, 0x21, 0xcc, 0x4c, 0x3e, 0x36, 0xef, 0x40, 0x4c,
    0x3b, 0xf1, 0x26, 0x3e, 0xf1, 0x9a, 0xc2, 0x27, 0xc7, 0x41, 0xda, 0xe3,
    0x2c, 0xc7, 0x8e, 0xb3, 0x4a, 0x98, 0xeb, 0xc6, 0xae, 0x9a, 0xf0, 0xd2,
    0xe0, 0x44, 0xc1, 0x3f, 0xad, 0x1e, 0x17, 0xf6, 0xd5, 0x29, 0xd0, 0xb4,
    0xeb, 0xe1, 0x9b, 0x32, 0x98, 0xe1, 0x23, 0x2a, 0xf2, 0xfa, 0xe7, 0x19,
    0xa2, 0x48, 0x2f, 0x25, 0x31, 0x29, 0xb0, 0x21, 0xd7, 0x0f, 0x27, 0xd5,
    0x60, 0xa5, 0xc5, 0xc0, 0x07, 0x31, 0x19, 0x29, 0x30, 0xa8, 0x26, 0xa5,
    0xf8, 0x81, 0x47, 0xb8, 0xfc, 0xaa, 0xe2, 0xe3, 0x1c, 0x38, 0x97, 0x26,
    0xe5, 0x9f, 0xb6, 0x33, 0x97, 0xbc, 0xb6, 0xdb, 0xda, 0xee, 0xfc, 0x25,
    0xdd, 0xaf, 0x1d, 0xb5, 0x98, 0x29, 0x29, 0xc5, 0x52, 0x41, 0x0d, 0x45,
    0x55, 0xc9, 0xd8, 0xd7, 0xcd, 0x39, 0xf1, 0x1e, 0x89, 0xe1, 0xf9, 0x37,
    0xeb, 0x81, 0xe0, 0xfa, 0x1c, 0xd5, 0x4a, 0xa1, 0x48, 0xd4, 0xcc, 0x12,
    0x26, 0x2b, 0xa9, 0xa1, 0x28, 0x99, 0x15, 0x07, 0xa8, 0x8e, 0xe2, 0xa6,
    0xaa, 0x93, 0xd6, 0xba, 0xea, 0x99, 0xc2, 0x40, 0x44, 0x8d, 0x50, 0x4f,
    0xed, 0x3d, 0xdd, 0xe2, 0x4f, 0x86, 0xc3, 0xd1, 0x92, 0x1f, 0x2a, 0x30,
    0x03, 0x11, 0xf9, 0x89, 0x14, 0xf9, 0x90, 0xed, 0xee, 0x09, 0xd1, 0xed,
    0x39, 0xdd, 0x29, 0x27, 0x06, 0xef, 0xbc, 0xe1, 0xd2, 0x09, 0xdd, 0x17,
    0x1d, 0xda, 0x24, 0xac, 0xc2, 0x2b, 0x04, 0xfe, 0xbc, 0x14, 0x11, 0xd7,
    0x30, 0xfa, 0x25, 0xc5, 0x03, 0x43, 0x11, 0x22, 0x25, 0xec, 0x9d, 0x81,
    0xa4, 0x25, 0x1c, 0xcc, 0xe4, 0xeb, 0x17, 0xf1, 0x37, 0xe2, 0x15, 0xad,
    0x45, 0x1c, 0xb9, 0x17, 0x4f, 0xe8, 0xcd, 0xbc, 0xd8, 0xd2, 0x34, 0x01,
    0xd8, 0x46, 0x3c, 0x2a, 0xe9, 0x5f, 0x4a, 0x34, 0xb6, 0x32, 0xa7, 0xbc,
    0xba, 0x8c, 0x34, 0x19, 0x96, 0xb8, 0xba, 0x29, 0x83, 0x07, 0x34, 0xca,
    0x5c, 0xcf, 0xba, 0x30, 0x21, 0xc6, 0xc2, 0x5d, 0x83, 0x56, 0x58, 0xe6,
    0x46, 0x81, 0x99, 0x0b, 0x2c, 0xae, 0xca, 0xa5, 0x22, 0xd0, 0xe3, 0xf0,
    0x4a, 0xa0, 0x91, 0xd9, 0xa6, 0x20, 0x9a, 0xd1, 0x36, 0x1a, 0xee, 0x2e,
    0x1b, 0x32, 0x90, 0x28, 0xda, 0xed, 0xa8, 0x38, 0x02, 0x51, 0x22, 0xd1,
    0x12, 0x15, 0xa6, 0xb8, 0x81, 0x3d, 0x29, 0xa7, 0x2d, 0xbc, 0xca, 0x07,
    0xfe, 0xfe, 0x1e, 0xa3, 0xd6, 0x47, 0x1f, 0xe9, 0x1b, 0x8d, 0xc5, 0x3e,
    0xb2, 0xd3, 0xcf, 0x02, 0xbf, 0xa1, 0x12, 0xcb, 0xda, 0xb3, 0xdc, 0xeb,
    0x05, 0xe0, 0xae, 0x15, 0xd7, 0x35, 0xfe, 0xf1, 0x3e, 0x2b, 0x35, 0x8b,
    0xae, 0x2c, 0xc6, 0xfb, 0xd5, 0xe1, 0x26, 0x1d, 0x13, 0x3c, 0xfc, 0x30,
    0x81, 0x29, 0x11, 0xea, 0x0f, 0x2f, 0xbb, 0xc4, 0xd3, 0x3e, 0x08, 0x28,
    0xe2, 0x30, 0xc6, 0xb2, 0xcb, 0x9b, 0x28, 0xe2, 0xb6, 0xfc, 0x0c, 0xd3,
    0x21, 0x2d, 0x24, 0xbe, 0x3d, 0xb1, 0x0b, 0x32, 0xb4, 0x36, 0xd4, 0xe3,
    0x20, 0x31, 0x88, 0xa5, 0x1a, 0xfc, 0xc9, 0x24, 0x1a, 0xae, 0xd5, 0xc6,
    0xce, 0x13, 0xf0, 0xb6, 0x3c, 0xd7, 0xd6, 0x02, 0x47, 0x49, 0x27, 0x0c,
    0xcd, 0x15, 0x81, 0x32, 0xbf, 0x2d, 0x33, 0x1e, 0xcb, 0xce, 0x23, 0xf1,
    0x95, 0x95, 0x98, 0xe6, 0x35, 0x22, 0xd2, 0x3d, 0x26, 0x0b, 0xcb, 0x30,
    0xa9, 0xe3, 0x95, 0xa1, 0xfc, 0x11, 0xab, 0xfc, 0x07, 0xcb, 0x26, 0xc9,
    0xe0, 0xf6, 0x45, 0x18, 0x92, 0x25, 0xbd, 0x0b, 0x05, 0xf6, 0xc3, 0x30,
    0x29, 0xb8, 0x37, 0xa8, 0xf8, 0x29, 0x12, 0xbb, 0xf8, 0xb3, 0x3a, 0xc4,
    0xdf, 0x18, 0xb5, 0xbc, 0x3c, 0xaf, 0xfe, 0xb6, 0x33, 0x19, 0x0d, 0x32,
    0xdd, 0xae, 0x9b, 0xda, 0xf4, 0xb0, 0x37, 0x22, 0x03, 0x29, 0x81, 0x04,
    0x36, 0xc8, 0x2a, 0xfd, 0xf7, 0x3a, 0x11, 0x37, 0xe0, 0xd9, 0x27, 0xbf,
    0xc9, 0x00, 0xd7, 0x10, 0xf7, 0xd4, 0xe5, 0xe4, 0x22, 0xf8, 0xe4, 0xef,
    0xf3, 0x30, 0x19, 0xf4, 0xcc, 0xc8, 0x17, 0xd5, 0xd9, 0x28, 0xbc, 0xa3,
    0xf1, 0xbb, 0x2c, 0x21, 0x14, 0x4a, 0x56, 0xf2, 0xb0, 0x05, 0xfc, 0xfd,
    0xef, 0xb4, 0xbc, 0xc6, 0xc5, 0xdf, 0xe6, 0x27, 0x1d, 0x02, 0xe9, 0x02,
    0xe0, 0xb0, 0xda, 0xc3, 0x81, 0x83, 0x32, 0xb4, 0x40, 0x48, 0xd3, 0xe1,
    0x9a, 0x12, 0x40, 0x1f, 0xda, 0x1c, 0xd5, 0xac, 0xcc, 0xe2, 0x2c, 0x04,
    0x4f, 0x05, 0xfe, 0xd4, 0x48, 0xf1, 0xc8, 0x13, 0xc4, 0x10, 0x13, 0x12,
    0xf3, 0x05, 0x11, 0x0d, 0x8b, 0x61, 0xcb, 0xc0, 0xee, 0x10, 0x24, 0xf1,
    0x4c, 0xcf, 0xd2, 0x00, 0xe4, 0xbd, 0xea, 0xbc, 0x5a, 0x50, 0x47, 0xb1,
    0x3b, 0xca, 0xb6, 0x81, 0x94, 0xc0, 0x3e, 0x93, 0x0d, 0xb0, 0xb9, 0xdf,
    0x4f, 0x18, 0xcc, 0x89, 0x16, 0x5e, 0x4a, 0x29, 0x61, 0xf2, 0x27, 0x86,
    0xc3, 0x21, 0x44, 0x99, 0xd9, 0xa8, 0x28, 0xed, 0xd7, 0x83, 0x96, 0xb4,
    0xd0, 0xde, 0x40, 0x44, 0xe9, 0x49, 0xce, 0xd1, 0x06, 0xfb, 0xff, 0xff,
    0x04, 0x00, 0x00, 0x00, 0x50, 0x00, 0x00, 0x00, 0x50, 0x00, 0x00, 0x00,
    0x06, 0x01, 0x00, 0x00, 0xbb, 0xfb, 0xff, 0xff, 0x3a, 0x05, 0x00, 0x00,
    0x17, 0xf9, 0xff, 0xff, 0x15, 0x04, 0x00, 0x00, 0xb7, 0x06, 0x00, 0x00,
    0x04, 0xfa, 0xff, 0xff, 0x2c, 0xfc, 0xff, 0xff, 0x42, 0x07, 0x00, 0x00,
    0x98, 0xf7, 0xff, 0xff, 0xb3, 0xfb, 0xff, 0xff, 0xa2, 0xfb, 0xff, 0xff,
    0x7c, 0xf3, 0xff, 0xff, 0xc8, 0xfe, 0xff, 0xff, 0xc0, 0xff, 0xff, 0xff,
    0xbe, 0xf9, 0xff, 0xff, 0x12, 0x0a, 0x00, 0x00, 0xef, 0x04, 0x00, 0x00,
    0xa3, 0xfc, 0xff, 0xff, 0x62, 0xfb, 0xff, 0xff, 0x04, 0x00, 0x00, 0x00,
    0x04, 0x00, 0x00, 0x00, 0x40, 0x00, 0x00, 0x00, 0x72, 0xfb, 0xff, 0xff,
    0x04, 0x00, 0x00, 0x00, 0x04, 0x00, 0x00, 0x00, 0x30, 0x00, 0x00, 0x00,
    0x84, 0xba, 0xff, 0xff, 0x86, 0xfb, 0xff, 0xff, 0x04, 0x00, 0x00, 0x00,
    0x04, 0x00, 0x00, 0x00, 0x01, 0x00, 0x00, 0x00, 0x96, 0xfb, 0xff, 0xff,
    0x04, 0x00, 0x00, 0x00, 0x04, 0x00, 0x00, 0x00, 0x00, 0x00, 0x00, 0x00,
    0xa6, 0xfb, 0xff, 0xff, 0x04, 0x00, 0x00, 0x00, 0x08, 0x00, 0x00, 0x00,
    0x01, 0x00, 0x00, 0x00, 0x02, 0x00, 0x00, 0x00, 0xbc, 0xba, 0xff, 0xff,
    0xc0, 0xba, 0xff, 0xff, 0x0f, 0x00, 0x00, 0x00, 0x4d, 0x4c, 0x49, 0x52,
    0x20, 0x43, 0x6f, 0x6e, 0x76, 0x65, 0x72, 0x74, 0x65, 0x64, 0x2e, 0x00,
    0x01, 0x00, 0x00, 0x00, 0x14, 0x00, 0x00, 0x00, 0x00, 0x00, 0x0e, 0x00,
    0x18, 0x00, 0x14, 0x00, 0x10, 0x00, 0x0c, 0x00, 0x08, 0x00, 0x04, 0x00,
    0x0e, 0x00, 0x00, 0x00, 0x14, 0x00, 0x00, 0x00, 0x1c, 0x00, 0x00, 0x00,
    0xd4, 0x06, 0x00, 0x00, 0xd8, 0x06, 0x00, 0x00, 0xdc, 0x06, 0x00, 0x00,
    0x04, 0x00, 0x00, 0x00, 0x6d, 0x61, 0x69, 0x6e, 0x00, 0x00, 0x00, 0x00,
    0x1c, 0x00, 0x00, 0x00, 0x70, 0x06, 0x00, 0x00, 0x0c, 0x06, 0x00, 0x00,
    0xa4, 0x05, 0x00, 0x00, 0x64, 0x05, 0x00, 0x00, 0x30, 0x05, 0x00, 0x00,
    0xdc, 0x04, 0x00, 0x00, 0xa4, 0x04, 0x00, 0x00, 0x80, 0x04, 0x00, 0x00,
    0x40, 0x04, 0x00, 0x00, 0xf0, 0x03, 0x00, 0x00, 0xa8, 0x03, 0x00, 0x00,
    0x80, 0x03, 0x00, 0x00, 0x4c, 0x03, 0x00, 0x00, 0x08, 0x03, 0x00, 0x00,
    0xc0, 0x02, 0x00, 0x00, 0x80, 0x02, 0x00, 0x00, 0x4c, 0x02, 0x00, 0x00,
    0x10, 0x02, 0x00, 0x00, 0xd8, 0x01, 0x00, 0x00, 0xb4, 0x01, 0x00, 0x00,
    0x80, 0x01, 0x00, 0x00, 0x40, 0x01, 0x00, 0x00, 0x00, 0x01, 0x00, 0x00,
    0xd8, 0x00, 0x00, 0x00, 0xa4, 0x00, 0x00, 0x00, 0x70, 0x00, 0x00, 0x00,
    0x38, 0x00, 0x00, 0x00, 0x04, 0x00, 0x00, 0x00, 0x3e, 0xfb, 0xff, 0xff,
    0x14, 0x00, 0x00, 0x00, 0x00, 0x00, 0x00, 0x09, 0x14, 0x00, 0x00, 0x00,
    0x18, 0x00, 0x00, 0x00, 0x0b, 0x00, 0x00, 0x00, 0x9e, 0xfc, 0xff, 0xff,
    0x00, 0x00, 0x80, 0x3f, 0x01, 0x00, 0x00, 0x00, 0x32, 0x00, 0x00, 0x00,
    0x01, 0x00, 0x00, 0x00, 0x31, 0x00, 0x00, 0x00, 0x6e, 0xfb, 0xff, 0xff,
    0x14, 0x00, 0x00, 0x00, 0x00, 0x00, 0x00, 0x08, 0x10, 0x00, 0x00, 0x00,
    0x14, 0x00, 0x00, 0x00, 0x04, 0x00, 0x00, 0x00, 0xd0, 0xbb, 0xff, 0xff,
    0x01, 0x00, 0x00, 0x00, 0x31, 0x00, 0x00, 0x00, 0x03, 0x00, 0x00, 0x00,
    0x30, 0x00, 0x00, 0x00, 0x08, 0x00, 0x00, 0x00, 0x07, 0x00, 0x00, 0x00,
    0xa2, 0xfb, 0xff, 0xff, 0x14, 0x00, 0x00, 0x00, 0x00, 0x00, 0x00, 0x1b,
    0x10, 0x00, 0x00, 0x00, 0x14, 0x00, 0x00, 0x00, 0x03, 0x00, 0x00, 0x00,
    0x04, 0xbc, 0xff, 0xff, 0x01, 0x00, 0x00, 0x00, 0x30, 0x00, 0x00, 0x00,
    0x02, 0x00, 0x00, 0x00, 0x2f, 0x00, 0x00, 0x00, 0x01, 0x00, 0x00, 0x00,
    0xd2, 0xfb, 0xff, 0xff, 0x14, 0x00, 0x00, 0x00, 0x00, 0x00, 0x00, 0x15,
    0x10, 0x00, 0x00, 0x00, 0x14, 0x00, 0x00, 0x00, 0x0a, 0x00, 0x00, 0x00,
    0x34, 0xbc, 0xff, 0xff, 0x01, 0x00, 0x00, 0x00, 0x2f, 0x00, 0x00, 0x00,
    0x02, 0x00, 0x00, 0x00, 0x26, 0x00, 0x00, 0x00, 0x2e, 0x00, 0x00, 0x00,
    0xa2, 0xfc, 0xff, 0xff, 0x0c, 0x00, 0x00, 0x00, 0x10, 0x00, 0x00, 0x00,
    0x09, 0x00, 0x00, 0x00, 0x01, 0x00, 0x00, 0x00, 0x2e, 0x00, 0x00, 0x00,
    0x02, 0x00, 0x00, 0x00, 0x2a, 0x00, 0x00, 0x00, 0x2d, 0x00, 0x00, 0x00,
    0x26, 0xfc, 0xff, 0xff, 0x14, 0x00, 0x00, 0x00, 0x00, 0x00, 0x00, 0x3b,
    0x14, 0x00, 0x00, 0x00, 0x18, 0x00, 0x00, 0x00, 0x08, 0x00, 0x00, 0x00,
    0x86, 0xfd, 0xff, 0xff, 0x04, 0x00, 0x00, 0x00, 0x01, 0x00, 0x00, 0x00,
    0x2d, 0x00, 0x00, 0x00, 0x04, 0x00, 0x00, 0x00, 0x2c, 0x00, 0x00, 0x00,
    0x04, 0x00, 0x00, 0x00, 0x04, 0x00, 0x00, 0x00, 0x06, 0x00, 0x00, 0x00,
    0x62, 0xfc, 0xff, 0xff, 0x14, 0x00, 0x00, 0x00, 0x00, 0x00, 0x00, 0x20,
    0x14, 0x00, 0x00, 0x00, 0x18, 0x00, 0x00, 0x00, 0x07, 0x00, 0x00, 0x00,
    0x7e, 0xfd, 0xff, 0xff, 0x01, 0x00, 0x00, 0x00, 0x01, 0x00, 0x00, 0x00,
    0x2c, 0x00, 0x00, 0x00, 0x04, 0x00, 0x00, 0x00, 0x2b, 0x00, 0x00, 0x00,
    0x02, 0x00, 0x00, 0x00, 0x03, 0x00, 0x00, 0x00, 0x03, 0x00, 0x00, 0x00,
    0x9e, 0xfc, 0xff, 0xff, 0x14, 0x00, 0x00, 0x00, 0x00, 0x00, 0x00, 0x37,
    0x14, 0x00, 0x00, 0x00, 0x18, 0x00, 0x00, 0x00, 0x06, 0x00, 0x00, 0x00,
    0xde, 0xfc, 0xff, 0xff, 0x00, 0x00, 0x00, 0x02, 0x01, 0x00, 0x00, 0x00,
    0x2b, 0x00, 0x00, 0x00, 0x01, 0x00, 0x00, 0x00, 0x2a, 0x00, 0x00, 0x00,
    0x6e, 0xfd, 0xff, 0xff, 0x0c, 0x00, 0x00, 0x00, 0x10, 0x00, 0x00, 0x00,
    0x05, 0x00, 0x00, 0x00, 0x01, 0x00, 0x00, 0x00, 0x2a, 0x00, 0x00, 0x00,
    0x01, 0x00, 0x00, 0x00, 0x29, 0x00, 0x00, 0x00, 0xee, 0xfc, 0xff, 0xff,
    0x14, 0x00, 0x00, 0x00, 0x00, 0x00, 0x00, 0x08, 0x10, 0x00, 0x00, 0x00,
    0x14, 0x00, 0x00, 0x00, 0x04, 0x00, 0x00, 0x00, 0x50, 0xbd, 0xff, 0xff,
    0x01, 0x00, 0x00, 0x00, 0x29, 0x00, 0x00, 0x00, 0x03, 0x00, 0x00, 0x00,
    0x28, 0x00, 0x00, 0x00, 0x09, 0x00, 0x00, 0x00, 0xff, 0xff, 0xff, 0xff,
    0x22, 0xfd, 0xff, 0xff, 0x14, 0x00, 0x00, 0x00, 0x00, 0x00, 0x00, 0x08,
    0x14, 0x00, 0x00, 0x00, 0x18, 0x00, 0x00, 0x00, 0x04, 0x00, 0x00, 0x00,
    0x62, 0xfd, 0xff, 0xff, 0x00, 0x00, 0x00, 0x01, 0x01, 0x00, 0x00, 0x00,
    0x28, 0x00, 0x00, 0x00, 0x03, 0x00, 0x00, 0x00, 0x27, 0x00, 0x00, 0x00,
    0x0a, 0x00, 0x00, 0x00, 0xff, 0xff, 0xff, 0xff, 0x5a, 0xfd, 0xff, 0xff,
    0x14, 0x00, 0x00, 0x00, 0x00, 0x00, 0x00, 0x1b, 0x10, 0x00, 0x00, 0x00,
    0x14, 0x00, 0x00, 0x00, 0x03, 0x00, 0x00, 0x00, 0xbc, 0xbd, 0xff, 0xff,
    0x01, 0x00, 0x00, 0x00, 0x27, 0x00, 0x00, 0x00, 0x02, 0x00, 0x00, 0x00,
    0x26, 0x00, 0x00, 0x00, 0x01, 0x00, 0x00, 0x00, 0x5a, 0xfc, 0xff, 0xff,
    0x10, 0x00, 0x00, 0x00, 0x00, 0x00, 0x00, 0x01, 0x18, 0x00, 0x00, 0x00,
    0x1c, 0x00, 0x00, 0x00, 0x4c, 0xfc, 0xff, 0xff, 0x00, 0x00, 0x00, 0x01,
    0x01, 0x00, 0x00, 0x00, 0x01, 0x00, 0x00, 0x00, 0x01, 0x00, 0x00, 0x00,
    0x26, 0x00, 0x00, 0x00, 0x03, 0x00, 0x00, 0x00, 0x25, 0x00, 0x00, 0x00,
    0x0c, 0x00, 0x00, 0x00, 0x0b, 0x00, 0x00, 0x00, 0xc6, 0xfd, 0xff, 0xff,
    0x14, 0x00, 0x00, 0x00, 0x00, 0x00, 0x00, 0x02, 0x20, 0x00, 0x00, 0x00,
    0x24, 0x00, 0x00, 0x00, 0x02, 0x00, 0x00, 0x00, 0x4a, 0xfd, 0xff, 0xff,
    0x00, 0x00, 0x00, 0x01, 0x01, 0x00, 0x00, 0x00, 0x01, 0x00, 0x00, 0x00,
    0x01, 0x00, 0x00, 0x00, 0x01, 0x00, 0x00, 0x00, 0x25, 0x00, 0x00, 0x00,
    0x03, 0x00, 0x00, 0x00, 0x24, 0x00, 0x00, 0x00, 0x0e, 0x00, 0x00, 0x00,
    0x0d, 0x00, 0x00, 0x00, 0x0a, 0xfe, 0xff, 0xff, 0x14, 0x00, 0x00, 0x00,
    0x00, 0x00, 0x00, 0x05, 0x24, 0x00, 0x00, 0x00, 0x28, 0x00, 0x00, 0x00,
    0x01, 0x00, 0x00, 0x00, 0x2a, 0xfd, 0xff, 0xff, 0x02, 0x00, 0x00, 0x00,
    0x02, 0x00, 0x00, 0x00, 0x02, 0x00, 0x00, 0x00, 0x02, 0x00, 0x00, 0x00,
    0x00, 0x00, 0x00, 0x01, 0x01, 0x00, 0x00, 0x00, 0x24, 0x00, 0x00, 0x00,
    0x01, 0x00, 0x00, 0x00, 0x23, 0x00, 0x00, 0x00, 0x4a, 0xfe, 0xff, 0xff,
    0x14, 0x00, 0x00, 0x00, 0x00, 0x00, 0x00, 0x15, 0x10, 0x00, 0x00, 0x00,
    0x14, 0x00, 0x00, 0x00, 0x0a, 0x00, 0x00, 0x00, 0xac, 0xbe, 0xff, 0xff,
    0x01, 0x00, 0x00, 0x00, 0x23, 0x00, 0x00, 0x00, 0x02, 0x00, 0x00, 0x00,
    0x1a, 0x00, 0x00, 0x00, 0x22, 0x00, 0x00, 0x00, 0x1a, 0xff, 0xff, 0xff,
    0x0c, 0x00, 0x00, 0x00, 0x10, 0x00, 0x00, 0x00, 0x09, 0x00, 0x00, 0x00,
    0x01, 0x00, 0x00, 0x00, 0x22, 0x00, 0x00, 0x00, 0x02, 0x00, 0x00, 0x00,
    0x1e, 0x00, 0x00, 0x00, 0x21, 0x00, 0x00, 0x00, 0xce, 0xfd, 0xff, 0xff,
    0x1c, 0x00, 0x00, 0x00, 0x00, 0x00, 0x00, 0x3b, 0x1c, 0x00, 0x00, 0x00,
    0x20, 0x00, 0x00, 0x00, 0x08, 0x00, 0x00, 0x00, 0x00, 0x00, 0x06, 0x00,
    0x08, 0x00, 0x04, 0x00, 0x06, 0x00, 0x00, 0x00, 0x04, 0x00, 0x00, 0x00,
    0x01, 0x00, 0x00, 0x00, 0x21, 0x00, 0x00, 0x00, 0x04, 0x00, 0x00, 0x00,
    0x20, 0x00, 0x00, 0x00, 0x04, 0x00, 0x00, 0x00, 0x04, 0x00, 0x00, 0x00,
    0x05, 0x00, 0x00, 0x00, 0x12, 0xfe, 0xff, 0xff, 0x24, 0x00, 0x00, 0x00,
    0x00, 0x00, 0x00, 0x20, 0x24, 0x00, 0x00, 0x00, 0x28, 0x00, 0x00, 0x00,
    0x07, 0x00, 0x00, 0x00, 0x00, 0x00, 0x0e, 0x00, 0x08, 0x00, 0x00, 0x00,
    0x00, 0x00, 0x00, 0x00, 0x00, 0x00, 0x04, 0x00, 0x0e, 0x00, 0x00, 0x00,
    0x01, 0x00, 0x00, 0x00, 0x01, 0x00, 0x00, 0x00, 0x20, 0x00, 0x00, 0x00,
    0x04, 0x00, 0x00, 0x00, 0x1f, 0x00, 0x00, 0x00, 0x02, 0x00, 0x00, 0x00,
    0x03, 0x00, 0x00, 0x00, 0x03, 0x00, 0x00, 0x00, 0x2e, 0xff, 0xff, 0xff,
    0x14, 0x00, 0x00, 0x00, 0x00, 0x00, 0x00, 0x37, 0x14, 0x00, 0x00, 0x00,
    0x18, 0x00, 0x00, 0x00, 0x06, 0x00, 0x00, 0x00, 0x6e, 0xff, 0xff, 0xff,
    0x00, 0x00, 0x00, 0x02, 0x01, 0x00, 0x00, 0x00, 0x1f, 0x00, 0x00, 0x00,
    0x01, 0x00, 0x00, 0x00, 0x1e, 0x00, 0x00, 0x00, 0x00, 0x00, 0x0a, 0x00,
    0x10, 0x00, 0x0c, 0x00, 0x08, 0x00, 0x04, 0x00, 0x0a, 0x00, 0x00, 0x00,
    0x0c, 0x00, 0x00, 0x00, 0x10, 0x00, 0x00, 0x00, 0x05, 0x00, 0x00, 0x00,
    0x01, 0x00, 0x00, 0x00, 0x1e, 0x00, 0x00, 0x00, 0x01, 0x00, 0x00, 0x00,
    0x1d, 0x00, 0x00, 0x00, 0x8a, 0xff, 0xff, 0xff, 0x14, 0x00, 0x00, 0x00,
    0x00, 0x00, 0x00, 0x08, 0x10, 0x00, 0x00, 0x00, 0x14, 0x00, 0x00, 0x00,
    0x04, 0x00, 0x00, 0x00, 0xec, 0xbf, 0xff, 0xff, 0x01, 0x00, 0x00, 0x00,
    0x1d, 0x00, 0x00, 0x00, 0x03, 0x00, 0x00, 0x00, 0x1c, 0x00, 0x00, 0x00,
    0x0f, 0x00, 0x00, 0x00, 0xff, 0xff, 0xff, 0xff, 0xee, 0xfe, 0xff, 0xff,
    0x1c, 0x00, 0x00, 0x00, 0x00, 0x00, 0x00, 0x08, 0x1c, 0x00, 0x00, 0x00,
    0x20, 0x00, 0x00, 0x00, 0x04, 0x00, 0x00, 0x00, 0x00, 0x00, 0x06, 0x00,
    0x08, 0x00, 0x07, 0x00, 0x06, 0x00, 0x00, 0x00, 0x00, 0x00, 0x00, 0x01,
    0x01, 0x00, 0x00, 0x00, 0x1c, 0x00, 0x00, 0x00, 0x03, 0x00, 0x00, 0x00,
    0x1b, 0x00, 0x00, 0x00, 0x10, 0x00, 0x00, 0x00, 0xff, 0xff, 0xff, 0xff,
    0x00, 0x00, 0x0e, 0x00, 0x18, 0x00, 0x14, 0x00, 0x10, 0x00, 0x0c, 0x00,
    0x0b, 0x00, 0x04, 0x00, 0x0e, 0x00, 0x00, 0x00, 0x14, 0x00, 0x00, 0x00,
    0x00, 0x00, 0x00, 0x1b, 0x10, 0x00, 0x00, 0x00, 0x14, 0x00, 0x00, 0x00,
    0x03, 0x00, 0x00, 0x00, 0x70, 0xc0, 0xff, 0xff, 0x01, 0x00, 0x00, 0x00,
    0x1b, 0x00, 0x00, 0x00, 0x02, 0x00, 0x00, 0x00, 0x1a, 0x00, 0x00, 0x00,
    0x01, 0x00, 0x00, 0x00, 0x0e, 0xff, 0xff, 0xff, 0x10, 0x00, 0x00, 0x00,
    0x00, 0x00, 0x00, 0x01, 0x18, 0x00, 0x00, 0x00, 0x1c, 0x00, 0x00, 0x00,
    0x00, 0xff, 0xff, 0xff, 0x00, 0x00, 0x00, 0x01, 0x01, 0x00, 0x00, 0x00,
    0x01, 0x00, 0x00, 0x00, 0x01, 0x00, 0x00, 0x00, 0x1a, 0x00, 0x00, 0x00,
    0x03, 0x00, 0x00, 0x00, 0x19, 0x00, 0x00, 0x00, 0x12, 0x00, 0x00, 0x00,
    0x11, 0x00, 0x00, 0x00, 0xaa, 0xff, 0xff, 0xff, 0x24, 0x00, 0x00, 0x00,
    0x00, 0x00, 0x00, 0x02, 0x30, 0x00, 0x00, 0x00, 0x34, 0x00, 0x00, 0x00,
    0x02, 0x00, 0x00, 0x00, 0x00, 0x00, 0x0e, 0x00, 0x14, 0x00, 0x00, 0x00,
    0x10, 0x00, 0x0c, 0x00, 0x08, 0x00, 0x07, 0x00, 0x0e, 0x00, 0x00, 0x00,
    0x00, 0x00, 0x00, 0x01, 0x01, 0x00, 0x00, 0x00, 0x01, 0x00, 0x00, 0x00,
    0x01, 0x00, 0x00, 0x00, 0x01, 0x00, 0x00, 0x00, 0x19, 0x00, 0x00, 0x00,
    0x03, 0x00, 0x00, 0x00, 0x18, 0x00, 0x00, 0x00, 0x14, 0x00, 0x00, 0x00,
    0x13, 0x00, 0x00, 0x00, 0x00, 0x00, 0x0e, 0x00, 0x1a, 0x00, 0x14, 0x00,
    0x10, 0x00, 0x0c, 0x00, 0x0b, 0x00, 0x04, 0x00, 0x0e, 0x00, 0x00, 0x00,
    0x24, 0x00, 0x00, 0x00, 0x00, 0x00, 0x00, 0x05, 0x34, 0x00, 0x00, 0x00,
    0x38, 0x00, 0x00, 0x00, 0x01, 0x00, 0x00, 0x00, 0x00, 0x00, 0x0e, 0x00,
    0x18, 0x00, 0x17, 0x00, 0x10, 0x00, 0x0c, 0x00, 0x08, 0x00, 0x04, 0x00,
    0x0e, 0x00, 0x00, 0x00, 0x02, 0x00, 0x00, 0x00, 0x02, 0x00, 0x00, 0x00,
    0x02, 0x00, 0x00, 0x00, 0x02, 0x00, 0x00, 0x00, 0x00, 0x00, 0x00, 0x01,
    0x01, 0x00, 0x00, 0x00, 0x18, 0x00, 0x00, 0x00, 0x01, 0x00, 0x00, 0x00,
    0x17, 0x00, 0x00, 0x00, 0x00, 0x00, 0x0e, 0x00, 0x14, 0x00, 0x00, 0x00,
    0x10, 0x00, 0x0c, 0x00, 0x0b, 0x00, 0x04, 0x00, 0x0e, 0x00, 0x00, 0x00,
    0x1c, 0x00, 0x00, 0x00, 0x00, 0x00, 0x00, 0x01, 0x24, 0x00, 0x00, 0x00,
    0x28, 0x00, 0x00, 0x00, 0x0c, 0x00, 0x10, 0x00, 0x00, 0x00, 0x0c, 0x00,
    0x08, 0x00, 0x07, 0x00, 0x0c, 0x00, 0x00, 0x00, 0x00, 0x00, 0x00, 0x01,
    0x01, 0x00, 0x00, 0x00, 0x01, 0x00, 0x00, 0x00, 0x01, 0x00, 0x00, 0x00,
    0x17, 0x00, 0x00, 0x00, 0x03, 0x00, 0x00, 0x00, 0x00, 0x00, 0x00, 0x00,
    0x16, 0x00, 0x00, 0x00, 0x15, 0x00, 0x00, 0x00, 0x01, 0x00, 0x00, 0x00,
    0x32, 0x00, 0x00, 0x00, 0x01, 0x00, 0x00, 0x00, 0x00, 0x00, 0x00, 0x00,
    0x33, 0x00, 0x00, 0x00, 0x58, 0x3e, 0x00, 0x00, 0xfc, 0x3d, 0x00, 0x00,
    0xa4, 0x3d, 0x00, 0x00, 0x64, 0x3d, 0x00, 0x00, 0x28, 0x3d, 0x00, 0x00,
    0xc8, 0x3c, 0x00, 0x00, 0x64, 0x3c, 0x00, 0x00, 0x08, 0x3b, 0x00, 0x00,
    0xa4, 0x39, 0x00, 0x00, 0x30, 0x36, 0x00, 0x00, 0x5c, 0x35, 0x00, 0x00,
    0x40, 0x31, 0x00, 0x00, 0xc4, 0x2d, 0x00, 0x00, 0xe0, 0x29, 0x00, 0x00,
    0x84, 0x26, 0x00, 0x00, 0xb8, 0x23, 0x00, 0x00, 0x04, 0x23, 0x00, 0x00,
    0xa8, 0x1f, 0x00, 0x00, 0xec, 0x1c, 0x00, 0x00, 0x28, 0x1a, 0x00, 0x00,
    0x00, 0x18, 0x00, 0x00, 0xd0, 0x15, 0x00, 0x00, 0x34, 0x14, 0x00, 0x00,
    0xf0, 0x12, 0x00, 0x00, 0x4c, 0x12, 0x00, 0x00, 0x78, 0x10, 0x00, 0x00,
    0x2c, 0x0f, 0x00, 0x00, 0x90, 0x0e, 0x00, 0x00, 0xdc, 0x0d, 0x00, 0x00,
    0x50, 0x0d, 0x00, 0x00, 0xc4, 0x0c, 0x00, 0x00, 0x68, 0x0c, 0x00, 0x00,
    0x08, 0x0c, 0x00, 0x00, 0xa4, 0x0b, 0x00, 0x00, 0x04, 0x0b, 0x00, 0x00,
    0x68, 0x0a, 0x00, 0x00, 0xbc, 0x09, 0x00, 0x00, 0xe8, 0x07, 0x00, 0x00,
    0x9c, 0x06, 0x00, 0x00, 0x00, 0x06, 0x00, 0x00, 0x4c, 0x05, 0x00, 0x00,
    0xc0, 0x04, 0x00, 0x00, 0x34, 0x04, 0x00, 0x00, 0xd8, 0x03, 0x00, 0x00,
    0x78, 0x03, 0x00, 0x00, 0x14, 0x03, 0x00, 0x00, 0x74, 0x02, 0x00, 0x00,
    0xd8, 0x01, 0x00, 0x00, 0x3c, 0x01, 0x00, 0x00, 0x80, 0x00, 0x00, 0x00,
    0x04, 0x00, 0x00, 0x00, 0x8a, 0xc2, 0xff, 0xff, 0x00, 0x00, 0x00, 0x01,
    0x18, 0x00, 0x00, 0x00, 0x20, 0x00, 0x00, 0x00, 0x3c, 0x00, 0x00, 0x00,
    0x33, 0x00, 0x00, 0x00, 0x00, 0x00, 0x00, 0x09, 0x50, 0x00, 0x00, 0x00,
    0x02, 0x00, 0x00, 0x00, 0xff, 0xff, 0xff, 0xff, 0x14, 0x00, 0x00, 0x00,
    0x6c, 0xc2, 0xff, 0xff, 0x08, 0x00, 0x00, 0x00, 0x10, 0x00, 0x00, 0x00,
    0x01, 0x00, 0x00, 0x00, 0x80, 0xff, 0xff, 0xff, 0xff, 0xff, 0xff, 0xff,
    0x01, 0x00, 0x00, 0x00, 0x00, 0x00, 0x80, 0x3b, 0x1b, 0x00, 0x00, 0x00,
    0x53, 0x74, 0x61, 0x74, 0x65, 0x66, 0x75, 0x6c, 0x50, 0x61, 0x72, 0x74,
    0x69, 0x74, 0x69, 0x6f, 0x6e, 0x65, 0x64, 0x43, 0x61, 0x6c, 0x6c, 0x5f,
    0x31, 0x3a, 0x30, 0x00, 0x02, 0x00, 0x00, 0x00, 0x01, 0x00, 0x00, 0x00,
    0x14, 0x00, 0x00, 0x00, 0x02, 0xc3, 0xff, 0xff, 0x00, 0x00, 0x00, 0x01,
    0x18, 0x00, 0x00, 0x00, 0x20, 0x00, 0x00, 0x00, 0x40, 0x00, 0x00, 0x00,
    0x32, 0x00, 0x00, 0x00, 0x00, 0x00, 0x00, 0x09, 0x90, 0x00, 0x00, 0x00,
    0x02, 0x00, 0x00, 0x00, 0xff, 0xff, 0xff, 0xff, 0x14, 0x00, 0x00, 0x00,
    0xe4, 0xc2, 0xff, 0xff, 0x08, 0x00, 0x00, 0x00, 0x14, 0x00, 0x00, 0x00,
    0x01, 0x00, 0x00, 0x00, 0x04, 0x00, 0x00, 0x00, 0x00, 0x00, 0x00, 0x00,
    0x00, 0x00, 0x00, 0x00, 0x01, 0x00, 0x00, 0x00, 0xed, 0x84, 0x74, 0x3d,
    0x54, 0x00, 0x00, 0x00, 0x53, 0x75, 0x72, 0x76, 0x65, 0x69, 0x6c, 0x6c,
    0x61, 0x6e, 0x63, 0x65, 0x5f, 0x53, 0x45, 0x5f, 0x44, 0x53, 0x5f, 0x43,
    0x4e, 0x4e, 0x5f, 0x31, 0x2f, 0x64, 0x65, 0x6e, 0x73, 0x65, 0x5f, 0x34,
    0x5f, 0x31, 0x2f, 0x4d, 0x61, 0x74, 0x4d, 0x75, 0x6c, 0x3b, 0x53, 0x75,
    0x72, 0x76, 0x65, 0x69, 0x6c, 0x6c, 0x61, 0x6e, 0x63, 0x65, 0x5f, 0x53,
    0x45, 0x5f, 0x44, 0x53, 0x5f, 0x43, 0x4e, 0x4e, 0x5f, 0x31, 0x2f, 0x64,
    0x65, 0x6e, 0x73, 0x65, 0x5f, 0x34, 0x5f, 0x31, 0x2f, 0x42, 0x69, 0x61,
    0x73, 0x41, 0x64, 0x64, 0x00, 0x00, 0x00, 0x00, 0x02, 0x00, 0x00, 0x00,
    0x01, 0x00, 0x00, 0x00, 0x14, 0x00, 0x00, 0x00, 0xba, 0xc3, 0xff, 0xff,
    0x00, 0x00, 0x00, 0x01, 0x18, 0x00, 0x00, 0x00, 0x20, 0x00, 0x00, 0x00,
    0x3c, 0x00, 0x00, 0x00, 0x31, 0x00, 0x00, 0x00, 0x00, 0x00, 0x00, 0x09,
    0x70, 0x00, 0x00, 0x00, 0x02, 0x00, 0x00, 0x00, 0xff, 0xff, 0xff, 0xff,
    0x40, 0x00, 0x00, 0x00, 0x9c, 0xc3, 0xff, 0xff, 0x08, 0x00, 0x00, 0x00,
    0x10, 0x00, 0x00, 0x00, 0x01, 0x00, 0x00, 0x00, 0x80, 0xff, 0xff, 0xff,
    0xff, 0xff, 0xff, 0xff, 0x01, 0x00, 0x00, 0x00, 0xba, 0xbc, 0x32, 0x3c,
    0x3a, 0x00, 0x00, 0x00, 0x53, 0x75, 0x72, 0x76, 0x65, 0x69, 0x6c, 0x6c,
    0x61, 0x6e, 0x63, 0x65, 0x5f, 0x53, 0x45, 0x5f, 0x44, 0x53, 0x5f, 0x43,
    0x4e, 0x4e, 0x5f, 0x31, 0x2f, 0x67, 0x6c, 0x6f, 0x62, 0x61, 0x6c, 0x5f,
    0x61, 0x76, 0x65, 0x72, 0x61, 0x67, 0x65, 0x5f, 0x70, 0x6f, 0x6f, 0x6c,
    0x69, 0x6e, 0x67, 0x32, 0x64, 0x5f, 0x32, 0x5f, 0x31, 0x2f, 0x4d, 0x65,
    0x61, 0x6e, 0x00, 0x00, 0x02, 0x00, 0x00, 0x00, 0x01, 0x00, 0x00, 0x00,
    0x40, 0x00, 0x00, 0x00, 0x52, 0xc4, 0xff, 0xff, 0x00, 0x00, 0x00, 0x01,
    0x18, 0x00, 0x00, 0x00, 0x28, 0x00, 0x00, 0x00, 0x44, 0x00, 0x00, 0x00,
    0x30, 0x00, 0x00, 0x00, 0x00, 0x00, 0x00, 0x09, 0x68, 0x00, 0x00, 0x00,
    0x04, 0x00, 0x00, 0x00, 0xff, 0xff, 0xff, 0xff, 0x0a, 0x00, 0x00, 0x00,
    0x0b, 0x00, 0x00, 0x00, 0x40, 0x00, 0x00, 0x00, 0x3c, 0xc4, 0xff, 0xff,
    0x08, 0x00, 0x00, 0x00, 0x10, 0x00, 0x00, 0x00, 0x01, 0x00, 0x00, 0x00,
    0x80, 0xff, 0xff, 0xff, 0xff, 0xff, 0xff, 0xff, 0x01, 0x00, 0x00, 0x00,
    0x69, 0x22, 0x72, 0x3d, 0x29, 0x00, 0x00, 0x00, 0x53, 0x75, 0x72, 0x76,
    0x65, 0x69, 0x6c, 0x6c, 0x61, 0x6e, 0x63, 0x65, 0x5f, 0x53, 0x45, 0x5f,
    0x44, 0x53, 0x5f, 0x43, 0x4e, 0x4e, 0x5f, 0x31, 0x2f, 0x6d, 0x75, 0x6c,
    0x74, 0x69, 0x70, 0x6c, 0x79, 0x5f, 0x31, 0x5f, 0x32, 0x2f, 0x4d, 0x75,
    0x6c, 0x00, 0x00, 0x00, 0x04, 0x00, 0x00, 0x00, 0x01, 0x00, 0x00, 0x00,
    0x0a, 0x00, 0x00, 0x00, 0x0b, 0x00, 0x00, 0x00, 0x40, 0x00, 0x00, 0x00,
    0xea, 0xc4, 0xff, 0xff, 0x00, 0x00, 0x00, 0x01, 0x18, 0x00, 0x00, 0x00,
    0x28, 0x00, 0x00, 0x00, 0x44, 0x00, 0x00, 0x00, 0x2f, 0x00, 0x00, 0x00,
    0x00, 0x00, 0x00, 0x09, 0x6c, 0x00, 0x00, 0x00, 0x04, 0x00, 0x00, 0x00,
    0xff, 0xff, 0xff, 0xff, 0x01, 0x00, 0x00, 0x00, 0x01, 0x00, 0x00, 0x00,
    0x40, 0x00, 0x00, 0x00, 0xd4, 0xc4, 0xff, 0xff, 0x08, 0x00, 0x00, 0x00,
    0x10, 0x00, 0x00, 0x00, 0x01, 0x00, 0x00, 0x00, 0x80, 0xff, 0xff, 0xff,
    0xff, 0xff, 0xff, 0xff, 0x01, 0x00, 0x00, 0x00, 0x00, 0x00, 0x80, 0x3b,
    0x2c, 0x00, 0x00, 0x00, 0x53, 0x75, 0x72, 0x76, 0x65, 0x69, 0x6c, 0x6c,
    0x61, 0x6e, 0x63, 0x65, 0x5f, 0x53, 0x45, 0x5f, 0x44, 0x53, 0x5f, 0x43,
    0x4e, 0x4e, 0x5f, 0x31, 0x2f, 0x72, 0x65, 0x73, 0x68, 0x61, 0x70, 0x65,
    0x5f, 0x31, 0x5f, 0x32, 0x2f, 0x52, 0x65, 0x73, 0x68, 0x61, 0x70, 0x65,
    0x00, 0x00, 0x00, 0x00, 0x04, 0x00, 0x00, 0x00, 0x01, 0x00, 0x00, 0x00,
    0x01, 0x00, 0x00, 0x00, 0x01, 0x00, 0x00, 0x00, 0x40, 0x00, 0x00, 0x00,
    0xde, 0xc5, 0xff, 0xff, 0x00, 0x00, 0x00, 0x01, 0x14, 0x00, 0x00, 0x00,
    0x14, 0x00, 0x00, 0x00, 0x2e, 0x00, 0x00, 0x00, 0x00, 0x00, 0x00, 0x02,
    0x40, 0x00, 0x00, 0x00, 0xc8, 0xc5, 0xff, 0xff, 0x32, 0x00, 0x00, 0x00,
    0x53, 0x75, 0x72, 0x76, 0x65, 0x69, 0x6c, 0x6c, 0x61, 0x6e, 0x63, 0x65,
    0x5f, 0x53, 0x45, 0x5f, 0x44, 0x53, 0x5f, 0x43, 0x4e, 0x4e, 0x5f, 0x31,
    0x2f, 0x72, 0x65, 0x73, 0x68, 0x61, 0x70, 0x65, 0x5f, 0x31, 0x5f, 0x32,
    0x2f, 0x52, 0x65, 0x73, 0x68, 0x61, 0x70, 0x65, 0x2f, 0x73, 0x68, 0x61,
    0x70, 0x65, 0x00, 0x00, 0x01, 0x00, 0x00, 0x00, 0x04, 0x00, 0x00, 0x00,
    0x3e, 0xc6, 0xff, 0xff, 0x00, 0x00, 0x00, 0x01, 0x14, 0x00, 0x00, 0x00,
    0x14, 0x00, 0x00, 0x00, 0x2d, 0x00, 0x00, 0x00, 0x00, 0x00, 0x00, 0x02,
    0x40, 0x00, 0x00, 0x00, 0x28, 0xc6, 0xff, 0xff, 0x32, 0x00, 0x00, 0x00,
    0x53, 0x75, 0x72, 0x76, 0x65, 0x69, 0x6c, 0x6c, 0x61, 0x6e, 0x63, 0x65,
    0x5f, 0x53, 0x45, 0x5f, 0x44, 0x53, 0x5f, 0x43, 0x4e, 0x4e, 0x5f, 0x31,
    0x2f, 0x72, 0x65, 0x73, 0x68, 0x61, 0x70, 0x65, 0x5f, 0x31, 0x5f, 0x32,
    0x2f, 0x73, 0x74, 0x72, 0x69, 0x64, 0x65, 0x64, 0x5f, 0x73, 0x6c, 0x69,
    0x63, 0x65, 0x00, 0x00, 0x00, 0x00, 0x00, 0x00, 0x9a, 0xc6, 0xff, 0xff,
    0x00, 0x00, 0x00, 0x01, 0x14, 0x00, 0x00, 0x00, 0x14, 0x00, 0x00, 0x00,
    0x2c, 0x00, 0x00, 0x00, 0x00, 0x00, 0x00, 0x02, 0x38, 0x00, 0x00, 0x00,
    0x84, 0xc6, 0xff, 0xff, 0x2a, 0x00, 0x00, 0x00, 0x53, 0x75, 0x72, 0x76,
    0x65, 0x69, 0x6c, 0x6c, 0x61, 0x6e, 0x63, 0x65, 0x5f, 0x53, 0x45, 0x5f,
    0x44, 0x53, 0x5f, 0x43, 0x4e, 0x4e, 0x5f, 0x31, 0x2f, 0x72, 0x65, 0x73,
    0x68, 0x61, 0x70, 0x65, 0x5f, 0x31, 0x5f, 0x32, 0x2f, 0x53, 0x68, 0x61,
    0x70, 0x65, 0x00, 0x00, 0x01, 0x00, 0x00, 0x00, 0x02, 0x00, 0x00, 0x00,
    0x9a, 0xc6, 0xff, 0xff, 0x00, 0x00, 0x00, 0x01, 0x18, 0x00, 0x00, 0x00,
    0x20, 0x00, 0x00, 0x00, 0x3c, 0x00, 0x00, 0x00, 0x2b, 0x00, 0x00, 0x00,
    0x00, 0x00, 0x00, 0x09, 0x60, 0x00, 0x00, 0x00, 0x02, 0x00, 0x00, 0x00,
    0xff, 0xff, 0xff, 0xff, 0x40, 0x00, 0x00, 0x00, 0x7c, 0xc6, 0xff, 0xff,
    0x08, 0x00, 0x00, 0x00, 0x10, 0x00, 0x00, 0x00, 0x01, 0x00, 0x00, 0x00,
    0x80, 0xff, 0xff, 0xff, 0xff, 0xff, 0xff, 0xff, 0x01, 0x00, 0x00, 0x00,
    0x00, 0x00, 0x80, 0x3b, 0x2a, 0x00, 0x00, 0x00, 0x53, 0x75, 0x72, 0x76,
    0x65, 0x69, 0x6c, 0x6c, 0x61, 0x6e, 0x63, 0x65, 0x5f, 0x53, 0x45, 0x5f,
    0x44, 0x53, 0x5f, 0x43, 0x4e, 0x4e, 0x5f, 0x31, 0x2f, 0x64, 0x65, 0x6e,
    0x73, 0x65, 0x5f, 0x33, 0x5f, 0x31, 0x2f, 0x53, 0x69, 0x67, 0x6d, 0x6f,
    0x69, 0x64, 0x00, 0x00, 0x02, 0x00, 0x00, 0x00, 0x01, 0x00, 0x00, 0x00,
    0x40, 0x00, 0x00, 0x00, 0x22, 0xc7, 0xff, 0xff, 0x00, 0x00, 0x00, 0x01,
    0x18, 0x00, 0x00, 0x00, 0x20, 0x00, 0x00, 0x00, 0x3c, 0x00, 0x00, 0x00,
    0x2a, 0x00, 0x00, 0x00, 0x00, 0x00, 0x00, 0x09, 0x60, 0x00, 0x00, 0x00,
    0x02, 0x00, 0x00, 0x00, 0xff, 0xff, 0xff, 0xff, 0x40, 0x00, 0x00, 0x00,
    0x04, 0xc7, 0xff, 0xff, 0x08, 0x00, 0x00, 0x00, 0x10, 0x00, 0x00, 0x00,
    0x01, 0x00, 0x00, 0x00, 0xe3, 0xff, 0xff, 0xff, 0xff, 0xff, 0xff, 0xff,
    0x01, 0x00, 0x00, 0x00, 0xc1, 0xee, 0x14, 0x3e, 0x2a, 0x00, 0x00, 0x00,
    0x53, 0x75, 0x72, 0x76, 0x65, 0x69, 0x6c, 0x6c, 0x61, 0x6e, 0x63, 0x65,
    0x5f, 0x53, 0x45, 0x5f, 0x44, 0x53, 0x5f, 0x43, 0x4e, 0x4e, 0x5f, 0x31,
    0x2f, 0x64, 0x65, 0x6e, 0x73, 0x65, 0x5f, 0x33, 0x5f, 0x31, 0x2f, 0x4d,
    0x61, 0x74, 0x4d, 0x75, 0x6c, 0x31, 0x00, 0x00, 0x02, 0x00, 0x00, 0x00,
    0x01, 0x00, 0x00, 0x00, 0x40, 0x00, 0x00, 0x00, 0xaa, 0xc7, 0xff, 0xff,
    0x00, 0x00, 0x00, 0x01, 0x18, 0x00, 0x00, 0x00, 0x20, 0x00, 0x00, 0x00,
    0x3c, 0x00, 0x00, 0x00, 0x29, 0x00, 0x00, 0x00, 0x00, 0x00, 0x00, 0x09,
    0x88, 0x00, 0x00, 0x00, 0x02, 0x00, 0x00, 0x00, 0xff, 0xff, 0xff, 0xff,
    0x08, 0x00, 0x00, 0x00, 0x8c, 0xc7, 0xff, 0xff, 0x08, 0x00, 0x00, 0x00,
    0x10, 0x00, 0x00, 0x00, 0x01, 0x00, 0x00, 0x00, 0x80, 0xff, 0xff, 0xff,
    0xff, 0xff, 0xff, 0xff, 0x01, 0x00, 0x00, 0x00, 0x0b, 0xb8, 0x6c, 0x3d,
    0x51, 0x00, 0x00, 0x00, 0x53, 0x75, 0x72, 0x76, 0x65, 0x69, 0x6c, 0x6c,
    0x61, 0x6e, 0x63, 0x65, 0x5f, 0x53, 0x45, 0x5f, 0x44, 0x53, 0x5f, 0x43,
    0x4e, 0x4e, 0x5f, 0x31, 0x2f, 0x64, 0x65, 0x6e, 0x73, 0x65, 0x5f, 0x32,
    0x5f, 0x31, 0x2f, 0x4d, 0x61, 0x74, 0x4d, 0x75, 0x6c, 0x3b, 0x53, 0x75,
    0x72, 0x76, 0x65, 0x69, 0x6c, 0x6c, 0x61, 0x6e, 0x63, 0x65, 0x5f, 0x53,
    0x45, 0x5f, 0x44, 0x53, 0x5f, 0x43, 0x4e, 0x4e, 0x5f, 0x31, 0x2f, 0x64,
    0x65, 0x6e, 0x73, 0x65, 0x5f, 0x32, 0x5f, 0x31, 0x2f, 0x52, 0x65, 0x6c,
    0x75, 0x00, 0x00, 0x00, 0x02, 0x00, 0x00, 0x00, 0x01, 0x00, 0x00, 0x00,
    0x08, 0x00, 0x00, 0x00, 0x5a, 0xc8, 0xff, 0xff, 0x00, 0x00, 0x00, 0x01,
    0x18, 0x00, 0x00, 0x00, 0x20, 0x00, 0x00, 0x00, 0x3c, 0x00, 0x00, 0x00,
    0x28, 0x00, 0x00, 0x00, 0x00, 0x00, 0x00, 0x09, 0x70, 0x00, 0x00, 0x00,
    0x02, 0x00, 0x00, 0x00, 0xff, 0xff, 0xff, 0xff, 0x40, 0x00, 0x00, 0x00,
    0x3c, 0xc8, 0xff, 0xff, 0x08, 0x00, 0x00, 0x00, 0x10, 0x00, 0x00, 0x00,
    0x01, 0x00, 0x00, 0x00, 0x80, 0xff, 0xff, 0xff, 0xff, 0xff, 0xff, 0xff,
    0x01, 0x00, 0x00, 0x00, 0xd3, 0x92, 0x3c, 0x3c, 0x3a, 0x00, 0x00, 0x00,
    0x53, 0x75, 0x72, 0x76, 0x65, 0x69, 0x6c, 0x6c, 0x61, 0x6e, 0x63, 0x65,
    0x5f, 0x53, 0x45, 0x5f, 0x44, 0x53, 0x5f, 0x43, 0x4e, 0x4e, 0x5f, 0x31,
    0x2f, 0x67, 0x6c, 0x6f, 0x62, 0x61, 0x6c, 0x5f, 0x61, 0x76, 0x65, 0x72,
    0x61, 0x67, 0x65, 0x5f, 0x70, 0x6f, 0x6f, 0x6c, 0x69, 0x6e, 0x67, 0x32,
    0x64, 0x5f, 0x31, 0x5f, 0x32, 0x2f, 0x4d, 0x65, 0x61, 0x6e, 0x00, 0x00,
    0x02, 0x00, 0x00, 0x00, 0x01, 0x00, 0x00, 0x00, 0x40, 0x00, 0x00, 0x00,
    0xf2, 0xc8, 0xff, 0xff, 0x00, 0x00, 0x00, 0x01, 0x18, 0x00, 0x00, 0x00,
    0x28, 0x00, 0x00, 0x00, 0x44, 0x00, 0x00, 0x00, 0x27, 0x00, 0x00, 0x00,
    0x00, 0x00, 0x00, 0x09, 0x18, 0x01, 0x00, 0x00, 0x04, 0x00, 0x00, 0x00,
    0xff, 0xff, 0xff, 0xff, 0x0a, 0x00, 0x00, 0x00, 0x0b, 0x00, 0x00, 0x00,
    0x40, 0x00, 0x00, 0x00, 0xdc, 0xc8, 0xff, 0xff, 0x08, 0x00, 0x00, 0x00,
    0x10, 0x00, 0x00, 0x00, 0x01, 0x00, 0x00, 0x00, 0x80, 0xff, 0xff, 0xff,
    0xff, 0xff, 0xff, 0xff, 0x01, 0x00, 0x00, 0x00, 0x2c, 0x09, 0x76, 0x3d,
    0xd8, 0x00, 0x00, 0x00, 0x53, 0x75, 0x72, 0x76, 0x65, 0x69, 0x6c, 0x6c,
    0x61, 0x6e, 0x63, 0x65, 0x5f, 0x53, 0x45, 0x5f, 0x44, 0x53, 0x5f, 0x43,
    0x4e, 0x4e, 0x5f, 0x31, 0x2f, 0x72, 0x65, 0x5f, 0x6c, 0x75, 0x5f, 0x34,
    0x5f, 0x31, 0x2f, 0x52, 0x65, 0x6c, 0x75, 0x3b, 0x53, 0x75, 0x72, 0x76,
    0x65, 0x69, 0x6c, 0x6c, 0x61, 0x6e, 0x63, 0x65, 0x5f, 0x53, 0x45, 0x5f,
    0x44, 0x53, 0x5f, 0x43, 0x4e, 0x4e, 0x5f, 0x31, 0x2f, 0x62, 0x61, 0x74,
    0x63, 0x68, 0x5f, 0x6e, 0x6f, 0x72, 0x6d, 0x61, 0x6c, 0x69, 0x7a, 0x61,
    0x74, 0x69, 0x6f, 0x6e, 0x5f, 0x34, 0x5f, 0x31, 0x2f, 0x62, 0x61, 0x74,
    0x63, 0x68, 0x6e, 0x6f, 0x72, 0x6d, 0x2f, 0x61, 0x64, 0x64, 0x5f, 0x31,
    0x3b, 0x53, 0x75, 0x72, 0x76, 0x65, 0x69, 0x6c, 0x6c, 0x61, 0x6e, 0x63,
    0x65, 0x5f, 0x53, 0x45, 0x5f, 0x44, 0x53, 0x5f, 0x43, 0x4e, 0x4e, 0x5f,
    0x31, 0x2f, 0x63, 0x6f, 0x6e, 0x76, 0x32, 0x64, 0x5f, 0x32, 0x5f, 0x31,
    0x2f, 0x63, 0x6f, 0x6e, 0x76, 0x6f, 0x6c, 0x75, 0x74, 0x69, 0x6f, 0x6e,
    0x3b, 0x53, 0x75, 0x72, 0x76, 0x65, 0x69, 0x6c, 0x6c, 0x61, 0x6e, 0x63,
    0x65, 0x5f, 0x53, 0x45, 0x5f, 0x44, 0x53, 0x5f, 0x43, 0x4e, 0x4e, 0x5f,
    0x31, 0x2f, 0x62, 0x61, 0x74, 0x63, 0x68, 0x5f, 0x6e, 0x6f, 0x72, 0x6d,
    0x61, 0x6c, 0x69, 0x7a, 0x61, 0x74, 0x69, 0x6f, 0x6e, 0x5f, 0x34, 0x5f,
    0x31, 0x2f, 0x62, 0x61, 0x74, 0x63, 0x68, 0x6e, 0x6f, 0x72, 0x6d, 0x2f,
    0x73, 0x75, 0x62, 0x31, 0x00, 0x00, 0x00, 0x00, 0x04, 0x00, 0x00, 0x00,
    0x01, 0x00, 0x00, 0x00, 0x0a, 0x00, 0x00, 0x00, 0x0b, 0x00, 0x00, 0x00,
    0x40, 0x00, 0x00, 0x00, 0x3a, 0xca, 0xff, 0xff, 0x00, 0x00, 0x00, 0x01,
    0x18, 0x00, 0x00, 0x00, 0x28, 0x00, 0x00, 0x00, 0x44, 0x00, 0x00, 0x00,
    0x26, 0x00, 0x00, 0x00, 0x00, 0x00, 0x00, 0x09, 0xa0, 0x01, 0x00, 0x00,
    0x04, 0x00, 0x00, 0x00, 0xff, 0xff, 0xff, 0xff, 0x0a, 0x00, 0x00, 0x00,
    0x0b, 0x00, 0x00, 0x00, 0x30, 0x00, 0x00, 0x00, 0x24, 0xca, 0xff, 0xff,
    0x08, 0x00, 0x00, 0x00, 0x10, 0x00, 0x00, 0x00, 0x01, 0x00, 0x00, 0x00,
    0x80, 0xff, 0xff, 0xff, 0xff, 0xff, 0xff, 0xff, 0x01, 0x00, 0x00, 0x00,
    0x58, 0x7d, 0x2e, 0x3d, 0x60, 0x01, 0x00, 0x00, 0x53, 0x75, 0x72, 0x76,
    0x65, 0x69, 0x6c, 0x6c, 0x61, 0x6e, 0x63, 0x65, 0x5f, 0x53, 0x45, 0x5f,
    0x44, 0x53, 0x5f, 0x43, 0x4e, 0x4e, 0x5f, 0x31, 0x2f, 0x72, 0x65, 0x5f,
    0x6c, 0x75, 0x5f, 0x33, 0x5f, 0x31, 0x2f, 0x52, 0x65, 0x6c, 0x75, 0x3b,
    0x53, 0x75, 0x72, 0x76, 0x65, 0x69, 0x6c, 0x6c, 0x61, 0x6e, 0x63, 0x65,
    0x5f, 0x53, 0x45, 0x5f, 0x44, 0x53, 0x5f, 0x43, 0x4e, 0x4e, 0x5f, 0x31,
    0x2f, 0x62, 0x61, 0x74, 0x63, 0x68, 0x5f, 0x6e, 0x6f, 0x72, 0x6d, 0x61,
    0x6c, 0x69, 0x7a, 0x61, 0x74, 0x69, 0x6f, 0x6e, 0x5f, 0x33, 0x5f, 0x31,
    0x2f, 0x62, 0x61, 0x74, 0x63, 0x68, 0x6e, 0x6f, 0x72, 0x6d, 0x2f, 0x61,
    0x64, 0x64, 0x5f, 0x31, 0x3b, 0x53, 0x75, 0x72, 0x76, 0x65, 0x69, 0x6c,
    0x6c, 0x61, 0x6e, 0x63, 0x65, 0x5f, 0x53, 0x45, 0x5f, 0x44, 0x53, 0x5f,
    0x43, 0x4e, 0x4e, 0x5f, 0x31, 0x2f, 0x62, 0x61, 0x74, 0x63, 0x68, 0x5f,
    0x6e, 0x6f, 0x72, 0x6d, 0x61, 0x6c, 0x69, 0x7a, 0x61, 0x74, 0x69, 0x6f,
    0x6e, 0x5f, 0x33, 0x5f, 0x31, 0x2f, 0x62, 0x61, 0x74, 0x63, 0x68, 0x6e,
    0x6f, 0x72, 0x6d, 0x2f, 0x6d, 0x75, 0x6c, 0x5f, 0x31, 0x3b, 0x53, 0x75,
    0x72, 0x76, 0x65, 0x69, 0x6c, 0x6c, 0x61, 0x6e, 0x63, 0x65, 0x5f, 0x53,
    0x45, 0x5f, 0x44, 0x53, 0x5f, 0x43, 0x4e, 0x4e, 0x5f, 0x31, 0x2f, 0x64,
    0x65, 0x70, 0x74, 0x68, 0x77, 0x69, 0x73, 0x65, 0x5f, 0x63, 0x6f, 0x6e,
    0x76, 0x32, 0x64, 0x5f, 0x31, 0x5f, 0x32, 0x2f, 0x64, 0x65, 0x70, 0x74,
    0x68, 0x77, 0x69, 0x73, 0x65, 0x3b, 0x53, 0x75, 0x72, 0x76, 0x65, 0x69,
    0x6c, 0x6c, 0x61, 0x6e, 0x63, 0x65, 0x5f, 0x53, 0x45, 0x5f, 0x44, 0x53,
    0x5f, 0x43, 0x4e, 0x4e, 0x5f, 0x31, 0x2f, 0x62, 0x61, 0x74, 0x63, 0x68,
    0x5f, 0x6e, 0x6f, 0x72, 0x6d, 0x61, 0x6c, 0x69, 0x7a, 0x61, 0x74, 0x69,
    0x6f, 0x6e, 0x5f, 0x33, 0x5f, 0x31, 0x2f, 0x62, 0x61, 0x74, 0x63, 0x68,
    0x6e, 0x6f, 0x72, 0x6d, 0x2f, 0x6d, 0x75, 0x6c, 0x3b, 0x53, 0x75, 0x72,
    0x76, 0x65, 0x69, 0x6c, 0x6c, 0x61, 0x6e, 0x63, 0x65, 0x5f, 0x53, 0x45,
    0x5f, 0x44, 0x53, 0x5f, 0x43, 0x4e, 0x4e, 0x5f, 0x31, 0x2f, 0x62, 0x61,
    0x74, 0x63, 0x68, 0x5f, 0x6e, 0x6f, 0x72, 0x6d, 0x61, 0x6c, 0x69, 0x7a,
    0x61, 0x74, 0x69, 0x6f, 0x6e, 0x5f, 0x33, 0x5f, 0x31, 0x2f, 0x62, 0x61,
    0x74, 0x63, 0x68, 0x6e, 0x6f, 0x72, 0x6d, 0x2f, 0x73, 0x75, 0x62, 0x31,
    0x00, 0x00, 0x00, 0x00, 0x04, 0x00, 0x00, 0x00, 0x01, 0x00, 0x00, 0x00,
    0x0a, 0x00, 0x00, 0x00, 0x0b, 0x00, 0x00, 0x00, 0x30, 0x00, 0x00, 0x00,
    0x0a, 0xcc, 0xff, 0xff, 0x00, 0x00, 0x00, 0x01, 0x18, 0x00, 0x00, 0x00,
    0x28, 0x00, 0x00, 0x00, 0x48, 0x00, 0x00, 0x00, 0x25, 0x00, 0x00, 0x00,
    0x00, 0x00, 0x00, 0x09, 0x78, 0x00, 0x00, 0x00, 0x04, 0x00, 0x00, 0x00,
    0xff, 0xff, 0xff, 0xff, 0x0a, 0x00, 0x00, 0x00, 0x0b, 0x00, 0x00, 0x00,
    0x30, 0x00, 0x00, 0x00, 0xf4, 0xcb, 0xff, 0xff, 0x08, 0x00, 0x00, 0x00,
    0x14, 0x00, 0x00, 0x00, 0x01, 0x00, 0x00, 0x00, 0x80, 0xff, 0xff, 0xff,
    0xff, 0xff, 0xff, 0xff, 0x00, 0x00, 0x00, 0x00, 0x01, 0x00, 0x00, 0x00,
    0xf5, 0x04, 0xe0, 0x3c, 0x34, 0x00, 0x00, 0x00, 0x53, 0x75, 0x72, 0x76,
    0x65, 0x69, 0x6c, 0x6c, 0x61, 0x6e, 0x63, 0x65, 0x5f, 0x53, 0x45, 0x5f,
    0x44, 0x53, 0x5f, 0x43, 0x4e, 0x4e, 0x5f, 0x31, 0x2f, 0x6d, 0x61, 0x78,
    0x5f, 0x70, 0x6f, 0x6f, 0x6c, 0x69, 0x6e, 0x67, 0x32, 0x64, 0x5f, 0x31,
    0x5f, 0x32, 0x2f, 0x4d, 0x61, 0x78, 0x50, 0x6f, 0x6f, 0x6c, 0x32, 0x64,
    0x00, 0x00, 0x00, 0x00, 0x04, 0x00, 0x00, 0x00, 0x01, 0x00, 0x00, 0x00,
    0x0a, 0x00, 0x00, 0x00, 0x0b, 0x00, 0x00, 0x00, 0x30, 0x00, 0x00, 0x00,
    0xb2, 0xcc, 0xff, 0xff, 0x00, 0x00, 0x00, 0x01, 0x18, 0x00, 0x00, 0x00,
    0x28, 0x00, 0x00, 0x00, 0x48, 0x00, 0x00, 0x00, 0x24, 0x00, 0x00, 0x00,
    0x00, 0x00, 0x00, 0x09, 0x68, 0x00, 0x00, 0x00, 0x04, 0x00, 0x00, 0x00,
    0xff, 0xff, 0xff, 0xff, 0x14, 0x00, 0x00, 0x00, 0x17, 0x00, 0x00, 0x00,
    0x30, 0x00, 0x00, 0x00, 0x9c, 0xcc, 0xff, 0xff, 0x08, 0x00, 0x00, 0x00,
    0x14, 0x00, 0x00, 0x00, 0x01, 0x00, 0x00, 0x00, 0x80, 0xff, 0xff, 0xff,
    0xff, 0xff, 0xff, 0xff, 0x00, 0x00, 0x00, 0x00, 0x01, 0x00, 0x00, 0x00,
    0xf5, 0x04, 0xe0, 0x3c, 0x27, 0x00, 0x00, 0x00, 0x53, 0x75, 0x72, 0x76,
    0x65, 0x69, 0x6c, 0x6c, 0x61, 0x6e, 0x63, 0x65, 0x5f, 0x53, 0x45, 0x5f,
    0x44, 0x53, 0x5f, 0x43, 0x4e, 0x4e, 0x5f, 0x31, 0x2f, 0x6d, 0x75, 0x6c,
    0x74, 0x69, 0x70, 0x6c, 0x79, 0x5f, 0x31, 0x2f, 0x4d, 0x75, 0x6c, 0x00,
    0x04, 0x00, 0x00, 0x00, 0x01, 0x00, 0x00, 0x00, 0x14, 0x00, 0x00, 0x00,
    0x17, 0x00, 0x00, 0x00, 0x30, 0x00, 0x00, 0x00, 0x4a, 0xcd, 0xff, 0xff,
    0x00, 0x00, 0x00, 0x01, 0x18, 0x00, 0x00, 0x00, 0x28, 0x00, 0x00, 0x00,
    0x48, 0x00, 0x00, 0x00, 0x23, 0x00, 0x00, 0x00, 0x00, 0x00, 0x00, 0x09,
    0x6c, 0x00, 0x00, 0x00, 0x04, 0x00, 0x00, 0x00, 0xff, 0xff, 0xff, 0xff,
    0x01, 0x00, 0x00, 0x00, 0x01, 0x00, 0x00, 0x00, 0x30, 0x00, 0x00, 0x00,
    0x34, 0xcd, 0xff, 0xff, 0x08, 0x00, 0x00, 0x00, 0x14, 0x00, 0x00, 0x00,
    0x01, 0x00, 0x00, 0x00, 0x80, 0xff, 0xff, 0xff, 0xff, 0xff, 0xff, 0xff,
    0x00, 0x00, 0x00, 0x00, 0x01, 0x00, 0x00, 0x00, 0x00, 0x00, 0x80, 0x3b,
    0x2a, 0x00, 0x00, 0x00, 0x53, 0x75, 0x72, 0x76, 0x65, 0x69, 0x6c, 0x6c,
    0x61, 0x6e, 0x63, 0x65, 0x5f, 0x53, 0x45, 0x5f, 0x44, 0x53, 0x5f, 0x43,
    0x4e, 0x4e, 0x5f, 0x31, 0x2f, 0x72, 0x65, 0x73, 0x68, 0x61, 0x70, 0x65,
    0x5f, 0x31, 0x2f, 0x52, 0x65, 0x73, 0x68, 0x61, 0x70, 0x65, 0x00, 0x00,
    0x04, 0x00, 0x00, 0x00, 0x01, 0x00, 0x00, 0x00, 0x01, 0x00, 0x00, 0x00,
    0x01, 0x00, 0x00, 0x00, 0x30, 0x00, 0x00, 0x00, 0x3e, 0xce, 0xff, 0xff,
    0x00, 0x00, 0x00, 0x01, 0x14, 0x00, 0x00, 0x00, 0x14, 0x00, 0x00, 0x00,
    0x22, 0x00, 0x00, 0x00, 0x00, 0x00, 0x00, 0x02, 0x40, 0x00, 0x00, 0x00,
    0x28, 0xce, 0xff, 0xff, 0x30, 0x00, 0x00, 0x00, 0x53, 0x75, 0x72, 0x76,
    0x65, 0x69, 0x6c, 0x6c, 0x61, 0x6e, 0x63, 0x65, 0x5f, 0x53, 0x45, 0x5f,
    0x44, 0x53, 0x5f, 0x43, 0x4e, 0x4e, 0x5f, 0x31, 0x2f, 0x72, 0x65, 0x73,
    0x68, 0x61, 0x70, 0x65, 0x5f, 0x31, 0x2f, 0x52, 0x65, 0x73, 0x68, 0x61,
    0x70, 0x65, 0x2f, 0x73, 0x68, 0x61, 0x70, 0x65, 0x00, 0x00, 0x00, 0x00,
    0x01, 0x00, 0x00, 0x00, 0x04, 0x00, 0x00, 0x00, 0x9e, 0xce, 0xff, 0xff,
    0x00, 0x00, 0x00, 0x01, 0x14, 0x00, 0x00, 0x00, 0x14, 0x00, 0x00, 0x00,
    0x21, 0x00, 0x00, 0x00, 0x00, 0x00, 0x00, 0x02, 0x40, 0x00, 0x00, 0x00,
    0x88, 0xce, 0xff, 0xff, 0x30, 0x00, 0x00, 0x00, 0x53, 0x75, 0x72, 0x76,
    0x65, 0x69, 0x6c, 0x6c, 0x61, 0x6e, 0x63, 0x65, 0x5f, 0x53, 0x45, 0x5f,
    0x44, 0x53, 0x5f, 0x43, 0x4e, 0x4e, 0x5f, 0x31, 0x2f, 0x72, 0x65, 0x73,
    0x68, 0x61, 0x70, 0x65, 0x5f, 0x31, 0x2f, 0x73, 0x74, 0x72, 0x69, 0x64,
    0x65, 0x64, 0x5f, 0x73, 0x6c, 0x69, 0x63, 0x65, 0x00, 0x00, 0x00, 0x00,
    0x00, 0x00, 0x00, 0x00, 0xfa, 0xce, 0xff, 0xff, 0x00, 0x00, 0x00, 0x01,
    0x14, 0x00, 0x00, 0x00, 0x14, 0x00, 0x00, 0x00, 0x20, 0x00, 0x00, 0x00,
    0x00, 0x00, 0x00, 0x02, 0x38, 0x00, 0x00, 0x00, 0xe4, 0xce, 0xff, 0xff,
    0x28, 0x00, 0x00, 0x00, 0x53, 0x75, 0x72, 0x76, 0x65, 0x69, 0x6c, 0x6c,
    0x61, 0x6e, 0x63, 0x65, 0x5f, 0x53, 0x45, 0x5f, 0x44, 0x53, 0x5f, 0x43,
    0x4e, 0x4e, 0x5f, 0x31, 0x2f, 0x72, 0x65, 0x73, 0x68, 0x61, 0x70, 0x65,
    0x5f, 0x31, 0x2f, 0x53, 0x68, 0x61, 0x70, 0x65, 0x00, 0x00, 0x00, 0x00,
    0x01, 0x00, 0x00, 0x00, 0x02, 0x00, 0x00, 0x00, 0xfa, 0xce, 0xff, 0xff,
    0x00, 0x00, 0x00, 0x01, 0x18, 0x00, 0x00, 0x00, 0x20, 0x00, 0x00, 0x00,
    0x3c, 0x00, 0x00, 0x00, 0x1f, 0x00, 0x00, 0x00, 0x00, 0x00, 0x00, 0x09,
    0x60, 0x00, 0x00, 0x00, 0x02, 0x00, 0x00, 0x00, 0xff, 0xff, 0xff, 0xff,
    0x30, 0x00, 0x00, 0x00, 0xdc, 0xce, 0xff, 0xff, 0x08, 0x00, 0x00, 0x00,
    0x10, 0x00, 0x00, 0x00, 0x01, 0x00, 0x00, 0x00, 0x80, 0xff, 0xff, 0xff,
    0xff, 0xff, 0xff, 0xff, 0x01, 0x00, 0x00, 0x00, 0x00, 0x00, 0x80, 0x3b,
    0x2a, 0x00, 0x00, 0x00, 0x53, 0x75, 0x72, 0x76, 0x65, 0x69, 0x6c, 0x6c,
    0x61, 0x6e, 0x63, 0x65, 0x5f, 0x53, 0x45, 0x5f, 0x44, 0x53, 0x5f, 0x43,
    0x4e, 0x4e, 0x5f, 0x31, 0x2f, 0x64, 0x65, 0x6e, 0x73, 0x65, 0x5f, 0x31,
    0x5f, 0x32, 0x2f, 0x53, 0x69, 0x67, 0x6d, 0x6f, 0x69, 0x64, 0x00, 0x00,
    0x02, 0x00, 0x00, 0x00, 0x01, 0x00, 0x00, 0x00, 0x30, 0x00, 0x00, 0x00,
    0x82, 0xcf, 0xff, 0xff, 0x00, 0x00, 0x00, 0x01, 0x18, 0x00, 0x00, 0x00,
    0x20, 0x00, 0x00, 0x00, 0x3c, 0x00, 0x00, 0x00, 0x1e, 0x00, 0x00, 0x00,
    0x00, 0x00, 0x00, 0x09, 0x60, 0x00, 0x00, 0x00, 0x02, 0x00, 0x00, 0x00,
    0xff, 0xff, 0xff, 0xff, 0x30, 0x00, 0x00, 0x00, 0x64, 0xcf, 0xff, 0xff,
    0x08, 0x00, 0x00, 0x00, 0x10, 0x00, 0x00, 0x00, 0x01, 0x00, 0x00, 0x00,
    0x16, 0x00, 0x00, 0x00, 0x00, 0x00, 0x00, 0x00, 0x01, 0x00, 0x00, 0x00,
    0x82, 0x6d, 0x1c, 0x3d, 0x2a, 0x00, 0x00, 0x00, 0x53, 0x75, 0x72, 0x76,
    0x65, 0x69, 0x6c, 0x6c, 0x61, 0x6e, 0x63, 0x65, 0x5f, 0x53, 0x45, 0x5f,
    0x44, 0x53, 0x5f, 0x43, 0x4e, 0x4e, 0x5f, 0x31, 0x2f, 0x64, 0x65, 0x6e,
    0x73, 0x65, 0x5f, 0x31, 0x5f, 0x32, 0x2f, 0x4d, 0x61, 0x74, 0x4d, 0x75,
    0x6c, 0x31, 0x00, 0x00, 0x02, 0x00, 0x00, 0x00, 0x01, 0x00, 0x00, 0x00,
    0x30, 0x00, 0x00, 0x00, 0x0a, 0xd0, 0xff, 0xff, 0x00, 0x00, 0x00, 0x01,
    0x18, 0x00, 0x00, 0x00, 0x20, 0x00, 0x00, 0x00, 0x40, 0x00, 0x00, 0x00,
    0x1d, 0x00, 0x00, 0x00, 0x00, 0x00, 0x00, 0x09, 0x88, 0x00, 0x00, 0x00,
    0x02, 0x00, 0x00, 0x00, 0xff, 0xff, 0xff, 0xff, 0x06, 0x00, 0x00, 0x00,
    0xec, 0xcf, 0xff, 0xff, 0x08, 0x00, 0x00, 0x00, 0x14, 0x00, 0x00, 0x00,
    0x01, 0x00, 0x00, 0x00, 0x80, 0xff, 0xff, 0xff, 0xff, 0xff, 0xff, 0xff,
    0x00, 0x00, 0x00, 0x00, 0x01, 0x00, 0x00, 0x00, 0x49, 0x35, 0xb7, 0x3c,
    0x4d, 0x00, 0x00, 0x00, 0x53, 0x75, 0x72, 0x76, 0x65, 0x69, 0x6c, 0x6c,
    0x61, 0x6e, 0x63, 0x65, 0x5f, 0x53, 0x45, 0x5f, 0x44, 0x53, 0x5f, 0x43,
    0x4e, 0x4e, 0x5f, 0x31, 0x2f, 0x64, 0x65, 0x6e, 0x73, 0x65, 0x5f, 0x31,
    0x2f, 0x4d, 0x61, 0x74, 0x4d, 0x75, 0x6c, 0x3b, 0x53, 0x75, 0x72, 0x76,
    0x65, 0x69, 0x6c, 0x6c, 0x61, 0x6e, 0x63, 0x65, 0x5f, 0x53, 0x45, 0x5f,
    0x44, 0x53, 0x5f, 0x43, 0x4e, 0x4e, 0x5f, 0x31, 0x2f, 0x64, 0x65, 0x6e,
    0x73, 0x65, 0x5f, 0x31, 0x2f, 0x52, 0x65, 0x6c, 0x75, 0x00, 0x00, 0x00,
    0x02, 0x00, 0x00, 0x00, 0x01, 0x00, 0x00, 0x00, 0x06, 0x00, 0x00, 0x00,
    0xba, 0xd0, 0xff, 0xff, 0x00, 0x00, 0x00, 0x01, 0x18, 0x00, 0x00, 0x00,
    0x20, 0x00, 0x00, 0x00, 0x3c, 0x00, 0x00, 0x00, 0x1c, 0x00, 0x00, 0x00,
    0x00, 0x00, 0x00, 0x09, 0x70, 0x00, 0x00, 0x00, 0x02, 0x00, 0x00, 0x00,
    0xff, 0xff, 0xff, 0xff, 0x30, 0x00, 0x00, 0x00, 0x9c, 0xd0, 0xff, 0xff,
    0x08, 0x00, 0x00, 0x00, 0x10, 0x00, 0x00, 0x00, 0x01, 0x00, 0x00, 0x00,
    0x80, 0xff, 0xff, 0xff, 0xff, 0xff, 0xff, 0xff, 0x01, 0x00, 0x00, 0x00,
    0xad, 0x53, 0xfe, 0x3b, 0x38, 0x00, 0x00, 0x00, 0x53, 0x75, 0x72, 0x76,
    0x65, 0x69, 0x6c, 0x6c, 0x61, 0x6e, 0x63, 0x65, 0x5f, 0x53, 0x45, 0x5f,
    0x44, 0x53, 0x5f, 0x43, 0x4e, 0x4e, 0x5f, 0x31, 0x2f, 0x67, 0x6c, 0x6f,
    0x62, 0x61, 0x6c, 0x5f, 0x61, 0x76, 0x65, 0x72, 0x61, 0x67, 0x65, 0x5f,
    0x70, 0x6f, 0x6f, 0x6c, 0x69, 0x6e, 0x67, 0x32, 0x64, 0x5f, 0x31, 0x2f,
    0x4d, 0x65, 0x61, 0x6e, 0x00, 0x00, 0x00, 0x00, 0x02, 0x00, 0x00, 0x00,
    0x01, 0x00, 0x00, 0x00, 0x30, 0x00, 0x00, 0x00, 0x52, 0xd1, 0xff, 0xff,
    0x00, 0x00, 0x00, 0x01, 0x18, 0x00, 0x00, 0x00, 0x28, 0x00, 0x00, 0x00,
    0x44, 0x00, 0x00, 0x00, 0x1b, 0x00, 0x00, 0x00, 0x00, 0x00, 0x00, 0x09,
    0x18, 0x01, 0x00, 0x00, 0x04, 0x00, 0x00, 0x00, 0xff, 0xff, 0xff, 0xff,
    0x14, 0x00, 0x00, 0x00, 0x17, 0x00, 0x00, 0x00, 0x30, 0x00, 0x00, 0x00,
    0x3c, 0xd1, 0xff, 0xff, 0x08, 0x00, 0x00, 0x00, 0x10, 0x00, 0x00, 0x00,
    0x01, 0x00, 0x00, 0x00, 0x80, 0xff, 0xff, 0xff, 0xff, 0xff, 0xff, 0xff,
    0x01, 0x00, 0x00, 0x00, 0x40, 0xa7, 0x85, 0x3d, 0xd8, 0x00, 0x00, 0x00,
    0x53, 0x75, 0x72, 0x76, 0x65, 0x69, 0x6c, 0x6c, 0x61, 0x6e, 0x63, 0x65,
    0x5f, 0x53, 0x45, 0x5f, 0x44, 0x53, 0x5f, 0x43, 0x4e, 0x4e, 0x5f, 0x31,
    0x2f, 0x72, 0x65, 0x5f, 0x6c, 0x75, 0x5f, 0x32, 0x5f, 0x31, 0x2f, 0x52,
    0x65, 0x6c, 0x75, 0x3b, 0x53, 0x75, 0x72, 0x76, 0x65, 0x69, 0x6c, 0x6c,
    0x61, 0x6e, 0x63, 0x65, 0x5f, 0x53, 0x45, 0x5f, 0x44, 0x53, 0x5f, 0x43,
    0x4e, 0x4e, 0x5f, 0x31, 0x2f, 0x62, 0x61, 0x74, 0x63, 0x68, 0x5f, 0x6e,
    0x6f, 0x72, 0x6d, 0x61, 0x6c, 0x69, 0x7a, 0x61, 0x74, 0x69, 0x6f, 0x6e,
    0x5f, 0x32, 0x5f, 0x31, 0x2f, 0x62, 0x61, 0x74, 0x63, 0x68, 0x6e, 0x6f,
    0x72, 0x6d, 0x2f, 0x61, 0x64, 0x64, 0x5f, 0x31, 0x3b, 0x53, 0x75, 0x72,
    0x76, 0x65, 0x69, 0x6c, 0x6c, 0x61, 0x6e, 0x63, 0x65, 0x5f, 0x53, 0x45,
    0x5f, 0x44, 0x53, 0x5f, 0x43, 0x4e, 0x4e, 0x5f, 0x31, 0x2f, 0x63, 0x6f,
    0x6e, 0x76, 0x32, 0x64, 0x5f, 0x31, 0x5f, 0x32, 0x2f, 0x63, 0x6f, 0x6e,
    0x76, 0x6f, 0x6c, 0x75, 0x74, 0x69, 0x6f, 0x6e, 0x3b, 0x53, 0x75, 0x72,
    0x76, 0x65, 0x69, 0x6c, 0x6c, 0x61, 0x6e, 0x63, 0x65, 0x5f, 0x53, 0x45,
    0x5f, 0x44, 0x53, 0x5f, 0x43, 0x4e, 0x4e, 0x5f, 0x31, 0x2f, 0x62, 0x61,
    0x74, 0x63, 0x68, 0x5f, 0x6e, 0x6f, 0x72, 0x6d, 0x61, 0x6c, 0x69, 0x7a,
    0x61, 0x74, 0x69, 0x6f, 0x6e, 0x5f, 0x32, 0x5f, 0x31, 0x2f, 0x62, 0x61,
    0x74, 0x63, 0x68, 0x6e, 0x6f, 0x72, 0x6d, 0x2f, 0x73, 0x75, 0x62, 0x31,
    0x00, 0x00, 0x00, 0x00, 0x04, 0x00, 0x00, 0x00, 0x01, 0x00, 0x00, 0x00,
    0x14, 0x00, 0x00, 0x00, 0x17, 0x00, 0x00, 0x00, 0x30, 0x00, 0x00, 0x00,
    0x9a, 0xd2, 0xff, 0xff, 0x00, 0x00, 0x00, 0x01, 0x18, 0x00, 0x00, 0x00,
    0x28, 0x00, 0x00, 0x00, 0x48, 0x00, 0x00, 0x00, 0x1a, 0x00, 0x00, 0x00,
    0x00, 0x00, 0x00, 0x09, 0xa0, 0x01, 0x00, 0x00, 0x04, 0x00, 0x00, 0x00,
    0xff, 0xff, 0xff, 0xff, 0x14, 0x00, 0x00, 0x00, 0x17, 0x00, 0x00, 0x00,
    0x18, 0x00, 0x00, 0x00, 0x84, 0xd2, 0xff, 0xff, 0x08, 0x00, 0x00, 0x00,
    0x14, 0x00, 0x00, 0x00, 0x01, 0x00, 0x00, 0x00, 0x80, 0xff, 0xff, 0xff,
    0xff, 0xff, 0xff, 0xff, 0x00, 0x00, 0x00, 0x00, 0x01, 0x00, 0x00, 0x00,
    0x6f, 0xe2, 0x51, 0x3d, 0x5e, 0x01, 0x00, 0x00, 0x53, 0x75, 0x72, 0x76,
    0x65, 0x69, 0x6c, 0x6c, 0x61, 0x6e, 0x63, 0x65, 0x5f, 0x53, 0x45, 0x5f,
    0x44, 0x53, 0x5f, 0x43, 0x4e, 0x4e, 0x5f, 0x31, 0x2f, 0x72, 0x65, 0x5f,
    0x6c, 0x75, 0x5f, 0x31, 0x5f, 0x32, 0x2f, 0x52, 0x65, 0x6c, 0x75, 0x3b,
    0x53, 0x75, 0x72, 0x76, 0x65, 0x69, 0x6c, 0x6c, 0x61, 0x6e, 0x63, 0x65,
    0x5f, 0x53, 0x45, 0x5f, 0x44, 0x53, 0x5f, 0x43, 0x4e, 0x4e, 0x5f, 0x31,
    0x2f, 0x62, 0x61, 0x74, 0x63, 0x68, 0x5f, 0x6e, 0x6f, 0x72, 0x6d, 0x61,
    0x6c, 0x69, 0x7a, 0x61, 0x74, 0x69, 0x6f, 0x6e, 0x5f, 0x31, 0x5f, 0x32,
    0x2f, 0x62, 0x61, 0x74, 0x63, 0x68, 0x6e, 0x6f, 0x72, 0x6d, 0x2f, 0x61,
    0x64, 0x64, 0x5f, 0x31, 0x3b, 0x53, 0x75, 0x72, 0x76, 0x65, 0x69, 0x6c,
    0x6c, 0x61, 0x6e, 0x63, 0x65, 0x5f, 0x53, 0x45, 0x5f, 0x44, 0x53, 0x5f,
    0x43, 0x4e, 0x4e, 0x5f, 0x31, 0x2f, 0x62, 0x61, 0x74, 0x63, 0x68, 0x5f,
    0x6e, 0x6f, 0x72, 0x6d, 0x61, 0x6c, 0x69, 0x7a, 0x61, 0x74, 0x69, 0x6f,
    0x6e, 0x5f, 0x31, 0x5f, 0x32, 0x2f, 0x62, 0x61, 0x74, 0x63, 0x68, 0x6e,
    0x6f, 0x72, 0x6d, 0x2f, 0x6d, 0x75, 0x6c, 0x5f, 0x31, 0x3b, 0x53, 0x75,
    0x72, 0x76, 0x65, 0x69, 0x6c, 0x6c, 0x61, 0x6e, 0x63, 0x65, 0x5f, 0x53,
    0x45, 0x5f, 0x44, 0x53, 0x5f, 0x43, 0x4e, 0x4e, 0x5f, 0x31, 0x2f, 0x64,
    0x65, 0x70, 0x74, 0x68, 0x77, 0x69, 0x73, 0x65, 0x5f, 0x63, 0x6f, 0x6e,
    0x76, 0x32, 0x64, 0x5f, 0x31, 0x2f, 0x64, 0x65, 0x70, 0x74, 0x68, 0x77,
    0x69, 0x73, 0x65, 0x3b, 0x53, 0x75, 0x72, 0x76, 0x65, 0x69, 0x6c, 0x6c,
    0x61, 0x6e, 0x63, 0x65, 0x5f, 0x53, 0x45, 0x5f, 0x44, 0x53, 0x5f, 0x43,
    0x4e, 0x4e, 0x5f, 0x31, 0x2f, 0x62, 0x61, 0x74, 0x63, 0x68, 0x5f, 0x6e,
    0x6f, 0x72, 0x6d, 0x61, 0x6c, 0x69, 0x7a, 0x61, 0x74, 0x69, 0x6f, 0x6e,
    0x5f, 0x31, 0x5f, 0x32, 0x2f, 0x62, 0x61, 0x74, 0x63, 0x68, 0x6e, 0x6f,
    0x72, 0x6d, 0x2f, 0x6d, 0x75, 0x6c, 0x3b, 0x53, 0x75, 0x72, 0x76, 0x65,
    0x69, 0x6c, 0x6c, 0x61, 0x6e, 0x63, 0x65, 0x5f, 0x53, 0x45, 0x5f, 0x44,
    0x53, 0x5f, 0x43, 0x4e, 0x4e, 0x5f, 0x31, 0x2f, 0x62, 0x61, 0x74, 0x63,
    0x68, 0x5f, 0x6e, 0x6f, 0x72, 0x6d, 0x61, 0x6c, 0x69, 0x7a, 0x61, 0x74,
    0x69, 0x6f, 0x6e, 0x5f, 0x31, 0x5f, 0x32, 0x2f, 0x62, 0x61, 0x74, 0x63,
    0x68, 0x6e, 0x6f, 0x72, 0x6d, 0x2f, 0x73, 0x75, 0x62, 0x31, 0x00, 0x00,
    0x04, 0x00, 0x00, 0x00, 0x01, 0x00, 0x00, 0x00, 0x14, 0x00, 0x00, 0x00,
    0x17, 0x00, 0x00, 0x00, 0x18, 0x00, 0x00, 0x00, 0x6a, 0xd4, 0xff, 0xff,
    0x00, 0x00, 0x00, 0x01, 0x18, 0x00, 0x00, 0x00, 0x28, 0x00, 0x00, 0x00,
    0x44, 0x00, 0x00, 0x00, 0x19, 0x00, 0x00, 0x00, 0x00, 0x00, 0x00, 0x09,
    0x70, 0x00, 0x00, 0x00, 0x04, 0x00, 0x00, 0x00, 0xff, 0xff, 0xff, 0xff,
    0x14, 0x00, 0x00, 0x00, 0x17, 0x00, 0x00, 0x00, 0x18, 0x00, 0x00, 0x00,
    0x54, 0xd4, 0xff, 0xff, 0x08, 0x00, 0x00, 0x00, 0x10, 0x00, 0x00, 0x00,
    0x01, 0x00, 0x00, 0x00, 0x80, 0xff, 0xff, 0xff, 0xff, 0xff, 0xff, 0xff,
    0x01, 0x00, 0x00, 0x00, 0x22, 0x8c, 0xe5, 0x3c, 0x32, 0x00, 0x00, 0x00,
    0x53, 0x75, 0x72, 0x76, 0x65, 0x69, 0x6c, 0x6c, 0x61, 0x6e, 0x63, 0x65,
    0x5f, 0x53, 0x45, 0x5f, 0x44, 0x53, 0x5f, 0x43, 0x4e, 0x4e, 0x5f, 0x31,
    0x2f, 0x6d, 0x61, 0x78, 0x5f, 0x70, 0x6f, 0x6f, 0x6c, 0x69, 0x6e, 0x67,
    0x32, 0x64, 0x5f, 0x31, 0x2f, 0x4d, 0x61, 0x78, 0x50, 0x6f, 0x6f, 0x6c,
    0x32, 0x64, 0x00, 0x00, 0x04, 0x00, 0x00, 0x00, 0x01, 0x00, 0x00, 0x00,
    0x14, 0x00, 0x00, 0x00, 0x17, 0x00, 0x00, 0x00, 0x18, 0x00, 0x00, 0x00,
    0x0a, 0xd5, 0xff, 0xff, 0x00, 0x00, 0x00, 0x01, 0x18, 0x00, 0x00, 0x00,
    0x28, 0x00, 0x00, 0x00, 0x44, 0x00, 0x00, 0x00, 0x18, 0x00, 0x00, 0x00,
    0x00, 0x00, 0x00, 0x09, 0x10, 0x01, 0x00, 0x00, 0x04, 0x00, 0x00, 0x00,
    0xff, 0xff, 0xff, 0xff, 0x28, 0x00, 0x00, 0x00, 0x2f, 0x00, 0x00, 0x00,
    0x18, 0x00, 0x00, 0x00, 0xf4, 0xd4, 0xff, 0xff, 0x08, 0x00, 0x00, 0x00,
    0x10, 0x00, 0x00, 0x00, 0x01, 0x00, 0x00, 0x00, 0x80, 0xff, 0xff, 0xff,
    0xff, 0xff, 0xff, 0xff, 0x01, 0x00, 0x00, 0x00, 0x22, 0x8c, 0xe5, 0x3c,
    0xd0, 0x00, 0x00, 0x00, 0x53, 0x75, 0x72, 0x76, 0x65, 0x69, 0x6c, 0x6c,
    0x61, 0x6e, 0x63, 0x65, 0x5f, 0x53, 0x45, 0x5f, 0x44, 0x53, 0x5f, 0x43,
    0x4e, 0x4e, 0x5f, 0x31, 0x2f, 0x72, 0x65, 0x5f, 0x6c, 0x75, 0x5f, 0x31,
    0x2f, 0x52, 0x65, 0x6c, 0x75, 0x3b, 0x53, 0x75, 0x72, 0x76, 0x65, 0x69,
    0x6c, 0x6c, 0x61, 0x6e, 0x63, 0x65, 0x5f, 0x53, 0x45, 0x5f, 0x44, 0x53,
    0x5f, 0x43, 0x4e, 0x4e, 0x5f, 0x31, 0x2f, 0x62, 0x61, 0x74, 0x63, 0x68,
    0x5f, 0x6e, 0x6f, 0x72, 0x6d, 0x61, 0x6c, 0x69, 0x7a, 0x61, 0x74, 0x69,
    0x6f, 0x6e, 0x5f, 0x31, 0x2f, 0x62, 0x61, 0x74, 0x63, 0x68, 0x6e, 0x6f,
    0x72, 0x6d, 0x2f, 0x61, 0x64, 0x64, 0x5f, 0x31, 0x3b, 0x53, 0x75, 0x72,
    0x76, 0x65, 0x69, 0x6c, 0x6c, 0x61, 0x6e, 0x63, 0x65, 0x5f, 0x53, 0x45,
    0x5f, 0x44, 0x53, 0x5f, 0x43, 0x4e, 0x4e, 0x5f, 0x31, 0x2f, 0x63, 0x6f,
    0x6e, 0x76, 0x32, 0x64, 0x5f, 0x31, 0x2f, 0x63, 0x6f, 0x6e, 0x76, 0x6f,
    0x6c, 0x75, 0x74, 0x69, 0x6f, 0x6e, 0x3b, 0x53, 0x75, 0x72, 0x76, 0x65,
    0x69, 0x6c, 0x6c, 0x61, 0x6e, 0x63, 0x65, 0x5f, 0x53, 0x45, 0x5f, 0x44,
    0x53, 0x5f, 0x43, 0x4e, 0x4e, 0x5f, 0x31, 0x2f, 0x62, 0x61, 0x74, 0x63,
    0x68, 0x5f, 0x6e, 0x6f, 0x72, 0x6d, 0x61, 0x6c, 0x69, 0x7a, 0x61, 0x74,
    0x69, 0x6f, 0x6e, 0x5f, 0x31, 0x2f, 0x62, 0x61, 0x74, 0x63, 0x68, 0x6e,
    0x6f, 0x72, 0x6d, 0x2f, 0x73, 0x75, 0x62, 0x31, 0x00, 0x00, 0x00, 0x00,
    0x04, 0x00, 0x00, 0x00, 0x01, 0x00, 0x00, 0x00, 0x28, 0x00, 0x00, 0x00,
    0x2f, 0x00, 0x00, 0x00, 0x18, 0x00, 0x00, 0x00, 0xa2, 0xd6, 0xff, 0xff,
    0x00, 0x00, 0x00, 0x01, 0x14, 0x00, 0x00, 0x00, 0x44, 0x01, 0x00, 0x00,
    0x17, 0x00, 0x00, 0x00, 0x00, 0x00, 0x00, 0x09, 0x6c, 0x01, 0x00, 0x00,
    0x1c, 0xd6, 0xff, 0xff, 0x08, 0x00, 0x00, 0x00, 0xc8, 0x00, 0x00, 0x00,
    0x18, 0x00, 0x00, 0x00, 0x00, 0x00, 0x00, 0x00, 0x00, 0x00, 0x00, 0x00,
    0x00, 0x00, 0x00, 0x00, 0x00, 0x00, 0x00, 0x00, 0x00, 0x00, 0x00, 0x00,
    0x00, 0x00, 0x00, 0x00, 0x00, 0x00, 0x00, 0x00, 0x00, 0x00, 0x00, 0x00,
    0x00, 0x00, 0x00, 0x00, 0x00, 0x00, 0x00, 0x00, 0x00, 0x00, 0x00, 0x00,
    0x00, 0x00, 0x00, 0x00, 0x00, 0x00, 0x00, 0x00, 0x00, 0x00, 0x00, 0x00,
    0x00, 0x00, 0x00, 0x00, 0x00, 0x00, 0x00, 0x00, 0x00, 0x00, 0x00, 0x00,
    0x00, 0x00, 0x00, 0x00, 0x00, 0x00, 0x00, 0x00, 0x00, 0x00, 0x00, 0x00,
    0x00, 0x00, 0x00, 0x00, 0x00, 0x00, 0x00, 0x00, 0x00, 0x00, 0x00, 0x00,
    0x00, 0x00, 0x00, 0x00, 0x00, 0x00, 0x00, 0x00, 0x00, 0x00, 0x00, 0x00,
    0x00, 0x00, 0x00, 0x00, 0x00, 0x00, 0x00, 0x00, 0x00, 0x00, 0x00, 0x00,
    0x00, 0x00, 0x00, 0x00, 0x00, 0x00, 0x00, 0x00, 0x00, 0x00, 0x00, 0x00,
    0x00, 0x00, 0x00, 0x00, 0x00, 0x00, 0x00, 0x00, 0x00, 0x00, 0x00, 0x00,
    0x00, 0x00, 0x00, 0x00, 0x00, 0x00, 0x00, 0x00, 0x00, 0x00, 0x00, 0x00,
    0x00, 0x00, 0x00, 0x00, 0x00, 0x00, 0x00, 0x00, 0x00, 0x00, 0x00, 0x00,
    0x00, 0x00, 0x00, 0x00, 0x00, 0x00, 0x00, 0x00, 0x00, 0x00, 0x00, 0x00,
    0x00, 0x00, 0x00, 0x00, 0x00, 0x00, 0x00, 0x00, 0x00, 0x00, 0x00, 0x00,
    0x00, 0x00, 0x00, 0x00, 0x18, 0x00, 0x00, 0x00, 0x47, 0x5e, 0x96, 0x3c,
    0x52, 0x85, 0xc2, 0x3c, 0x7d, 0x73, 0xcb, 0x3c, 0x83, 0x4e, 0x1e, 0x3d,
    0x3f, 0x97, 0x92, 0x3c, 0xad, 0x96, 0xef, 0x3c, 0x91, 0x8a, 0x04, 0x3d,
    0xea, 0x6f, 0xd3, 0x3c, 0x01, 0xfe, 0x51, 0x3c, 0xd2, 0x18, 0xc7, 0x3c,
    0xab, 0x3e, 0xb1, 0x3c, 0xc7, 0x99, 0x1f, 0x3d, 0x67, 0xed, 0x4d, 0x3c,
    0xf3, 0xe1, 0x88, 0x3c, 0x62, 0x40, 0xae, 0x3c, 0x61, 0xa4, 0x8c, 0x3c,
    0x99, 0xca, 0x94, 0x3c, 0x09, 0x1e, 0xdb, 0x3c, 0x16, 0xfb, 0x87, 0x3c,
    0x18, 0xd1, 0xa7, 0x3c, 0x06, 0xc8, 0xaf, 0x3c, 0x94, 0x8c, 0xfe, 0x3c,
    0x89, 0x33, 0xb8, 0x3c, 0x9e, 0xa0, 0xa7, 0x3c, 0x2d, 0x00, 0x00, 0x00,
    0x53, 0x75, 0x72, 0x76, 0x65, 0x69, 0x6c, 0x6c, 0x61, 0x6e, 0x63, 0x65,
    0x5f, 0x53, 0x45, 0x5f, 0x44, 0x53, 0x5f, 0x43, 0x4e, 0x4e, 0x5f, 0x31,
    0x2f, 0x63, 0x6f, 0x6e, 0x76, 0x32, 0x64, 0x5f, 0x31, 0x2f, 0x63, 0x6f,
    0x6e, 0x76, 0x6f, 0x6c, 0x75, 0x74, 0x69, 0x6f, 0x6e, 0x00, 0x00, 0x00,
    0x04, 0x00, 0x00, 0x00, 0x18, 0x00, 0x00, 0x00, 0x03, 0x00, 0x00, 0x00,
    0x03, 0x00, 0x00, 0x00, 0x01, 0x00, 0x00, 0x00, 0x3a, 0xd8, 0xff, 0xff,
    0x00, 0x00, 0x00, 0x01, 0x14, 0x00, 0x00, 0x00, 0x44, 0x01, 0x00, 0x00,
    0x16, 0x00, 0x00, 0x00, 0x00, 0x00, 0x00, 0x02, 0x0c, 0x02, 0x00, 0x00,
    0xb4, 0xd7, 0xff, 0xff, 0x08, 0x00, 0x00, 0x00, 0xc8, 0x00, 0x00, 0x00,
    0x18, 0x00, 0x00, 0x00, 0x00, 0x00, 0x00, 0x00, 0x00, 0x00, 0x00, 0x00,
    0x00, 0x00, 0x00, 0x00, 0x00, 0x00, 0x00, 0x00, 0x00, 0x00, 0x00, 0x00,
    0x00, 0x00, 0x00, 0x00, 0x00, 0x00, 0x00, 0x00, 0x00, 0x00, 0x00, 0x00,
    0x00, 0x00, 0x00, 0x00, 0x00, 0x00, 0x00, 0x00, 0x00, 0x00, 0x00, 0x00,
    0x00, 0x00, 0x00, 0x00, 0x00, 0x00, 0x00, 0x00, 0x00, 0x00, 0x00, 0x00,
    0x00, 0x00, 0x00, 0x00, 0x00, 0x00, 0x00, 0x00, 0x00, 0x00, 0x00, 0x00,
    0x00, 0x00, 0x00, 0x00, 0x00, 0x00, 0x00, 0x00, 0x00, 0x00, 0x00, 0x00,
    0x00, 0x00, 0x00, 0x00, 0x00, 0x00, 0x00, 0x00, 0x00, 0x00, 0x00, 0x00,
    0x00, 0x00, 0x00, 0x00, 0x00, 0x00, 0x00, 0x00, 0x00, 0x00, 0x00, 0x00,
    0x00, 0x00, 0x00, 0x00, 0x00, 0x00, 0x00, 0x00, 0x00, 0x00, 0x00, 0x00,
    0x00, 0x00, 0x00, 0x00, 0x00, 0x00, 0x00, 0x00, 0x00, 0x00, 0x00, 0x00,
    0x00, 0x00, 0x00, 0x00, 0x00, 0x00, 0x00, 0x00, 0x00, 0x00, 0x00, 0x00,
    0x00, 0x00, 0x00, 0x00, 0x00, 0x00, 0x00, 0x00, 0x00, 0x00, 0x00, 0x00,
    0x00, 0x00, 0x00, 0x00, 0x00, 0x00, 0x00, 0x00, 0x00, 0x00, 0x00, 0x00,
    0x00, 0x00, 0x00, 0x00, 0x00, 0x00, 0x00, 0x00, 0x00, 0x00, 0x00, 0x00,
    0x00, 0x00, 0x00, 0x00, 0x00, 0x00, 0x00, 0x00, 0x00, 0x00, 0x00, 0x00,
    0x00, 0x00, 0x00, 0x00, 0x18, 0x00, 0x00, 0x00, 0x37, 0xf5, 0x96, 0x38,
    0x94, 0x48, 0xc3, 0x38, 0xb6, 0x3f, 0xcc, 0x38, 0x6b, 0xed, 0x1e, 0x39,
    0x64, 0x2a, 0x93, 0x38, 0x2c, 0x87, 0xf0, 0x38, 0x9c, 0x0f, 0x05, 0x39,
    0x27, 0x44, 0xd4, 0x38, 0xca, 0xd0, 0x52, 0x38, 0xac, 0xe0, 0xc7, 0x38,
    0x95, 0xf0, 0xb1, 0x38, 0xfb, 0x39, 0x20, 0x39, 0x1c, 0xbc, 0x4e, 0x38,
    0x5a, 0x6b, 0x89, 0x38, 0x4b, 0xef, 0xae, 0x38, 0x8e, 0x31, 0x8d, 0x38,
    0xf4, 0x5f, 0x95, 0x38, 0xfb, 0xf9, 0xdb, 0x38, 0x95, 0x83, 0x88, 0x38,
    0x8c, 0x79, 0xa8, 0x38, 0x78, 0x78, 0xb0, 0x38, 0x17, 0x8c, 0xff, 0x38,
    0x6f, 0xec, 0xb8, 0x38, 0xe1, 0x48, 0xa8, 0x38, 0xcf, 0x00, 0x00, 0x00,
    0x53, 0x75, 0x72, 0x76, 0x65, 0x69, 0x6c, 0x6c, 0x61, 0x6e, 0x63, 0x65,
    0x5f, 0x53, 0x45, 0x5f, 0x44, 0x53, 0x5f, 0x43, 0x4e, 0x4e, 0x5f, 0x31,
    0x2f, 0x72, 0x65, 0x5f, 0x6c, 0x75, 0x5f, 0x31, 0x2f, 0x52, 0x65, 0x6c,
    0x75, 0x3b, 0x53, 0x75, 0x72, 0x76, 0x65, 0x69, 0x6c, 0x6c, 0x61, 0x6e,
    0x63, 0x65, 0x5f, 0x53, 0x45, 0x5f, 0x44, 0x53, 0x5f, 0x43, 0x4e, 0x4e,
    0x5f, 0x31, 0x2f, 0x62, 0x61, 0x74, 0x63, 0x68, 0x5f, 0x6e, 0x6f, 0x72,
    0x6d, 0x61, 0x6c, 0x69, 0x7a, 0x61, 0x74, 0x69, 0x6f, 0x6e, 0x5f, 0x31,
    0x2f, 0x62, 0x61, 0x74, 0x63, 0x68, 0x6e, 0x6f, 0x72, 0x6d, 0x2f, 0x61,
    0x64, 0x64, 0x5f, 0x31, 0x3b, 0x53, 0x75, 0x72, 0x76, 0x65, 0x69, 0x6c,
    0x6c, 0x61, 0x6e, 0x63, 0x65, 0x5f, 0x53, 0x45, 0x5f, 0x44, 0x53, 0x5f,
    0x43, 0x4e, 0x4e, 0x5f, 0x31, 0x2f, 0x63, 0x6f, 0x6e, 0x76, 0x32, 0x64,
    0x5f, 0x31, 0x2f, 0x63, 0x6f, 0x6e, 0x76, 0x6f, 0x6c, 0x75, 0x74, 0x69,
    0x6f, 0x6e, 0x3b, 0x53, 0x75, 0x72, 0x76, 0x65, 0x69, 0x6c, 0x6c, 0x61,
    0x6e, 0x63, 0x65, 0x5f, 0x53, 0x45, 0x5f, 0x44, 0x53, 0x5f, 0x43, 0x4e,
    0x4e, 0x5f, 0x31, 0x2f, 0x62, 0x61, 0x74, 0x63, 0x68, 0x5f, 0x6e, 0x6f,
    0x72, 0x6d, 0x61, 0x6c, 0x69, 0x7a, 0x61, 0x74, 0x69, 0x6f, 0x6e, 0x5f,
    0x31, 0x2f, 0x62, 0x61, 0x74, 0x63, 0x68, 0x6e, 0x6f, 0x72, 0x6d, 0x2f,
    0x73, 0x75, 0x62, 0x00, 0x01, 0x00, 0x00, 0x00, 0x18, 0x00, 0x00, 0x00,
    0x66, 0xda, 0xff, 0xff, 0x00, 0x00, 0x00, 0x01, 0x14, 0x00, 0x00, 0x00,
    0x48, 0x01, 0x00, 0x00, 0x15, 0x00, 0x00, 0x00, 0x00, 0x00, 0x00, 0x09,
    0xf8, 0x01, 0x00, 0x00, 0x92, 0xf1, 0xff, 0xff, 0x03, 0x00, 0x00, 0x00,
    0x08, 0x00, 0x00, 0x00, 0xc8, 0x00, 0x00, 0x00, 0x18, 0x00, 0x00, 0x00,
    0x00, 0x00, 0x00, 0x00, 0x00, 0x00, 0x00, 0x00, 0x00, 0x00, 0x00, 0x00,
    0x00, 0x00, 0x00, 0x00, 0x00, 0x00, 0x00, 0x00, 0x00, 0x00, 0x00, 0x00,
    0x00, 0x00, 0x00, 0x00, 0x00, 0x00, 0x00, 0x00, 0x00, 0x00, 0x00, 0x00,
    0x00, 0x00, 0x00, 0x00, 0x00, 0x00, 0x00, 0x00, 0x00, 0x00, 0x00, 0x00,
    0x00, 0x00, 0x00, 0x00, 0x00, 0x00, 0x00, 0x00, 0x00, 0x00, 0x00, 0x00,
    0x00, 0x00, 0x00, 0x00, 0x00, 0x00, 0x00, 0x00, 0x00, 0x00, 0x00, 0x00,
    0x00, 0x00, 0x00, 0x00, 0x00, 0x00, 0x00, 0x00, 0x00, 0x00, 0x00, 0x00,
    0x00, 0x00, 0x00, 0x00, 0x00, 0x00, 0x00, 0x00, 0x00, 0x00, 0x00, 0x00,
    0x00, 0x00, 0x00, 0x00, 0x00, 0x00, 0x00, 0x00, 0x00, 0x00, 0x00, 0x00,
    0x00, 0x00, 0x00, 0x00, 0x00, 0x00, 0x00, 0x00, 0x00, 0x00, 0x00, 0x00,
    0x00, 0x00, 0x00, 0x00, 0x00, 0x00, 0x00, 0x00, 0x00, 0x00, 0x00, 0x00,
    0x00, 0x00, 0x00, 0x00, 0x00, 0x00, 0x00, 0x00, 0x00, 0x00, 0x00, 0x00,
    0x00, 0x00, 0x00, 0x00, 0x00, 0x00, 0x00, 0x00, 0x00, 0x00, 0x00, 0x00,
    0x00, 0x00, 0x00, 0x00, 0x00, 0x00, 0x00, 0x00, 0x00, 0x00, 0x00, 0x00,
    0x00, 0x00, 0x00, 0x00, 0x00, 0x00, 0x00, 0x00, 0x00, 0x00, 0x00, 0x00,
    0x00, 0x00, 0x00, 0x00, 0x00, 0x00, 0x00, 0x00, 0x00, 0x00, 0x00, 0x00,
    0x18, 0x00, 0x00, 0x00, 0x9a, 0xf4, 0xe9, 0x3b, 0x42, 0x83, 0x30, 0x3c,
    0x62, 0x25, 0xe0, 0x3b, 0x9b, 0x24, 0x0c, 0x3c, 0x56, 0xdf, 0xcb, 0x3b,
    0xf8, 0xca, 0xcd, 0x3b, 0xb1, 0xa4, 0x1e, 0x3c, 0xec, 0x72, 0x1e, 0x3c,
    0x20, 0x6e, 0x1f, 0x3c, 0xca, 0xf6, 0x71, 0x3c, 0x22, 0xea, 0xa1, 0x3b,
    0xc8, 0xa8, 0xa0, 0x3b, 0x01, 0xf6, 0x10, 0x3d, 0x5d, 0x8b, 0x57, 0x3c,
    0xbf, 0x7d, 0x44, 0x3c, 0xb8, 0x8c, 0xcd, 0x3b, 0x10, 0xac, 0x4f, 0x3b,
    0xaa, 0x41, 0x9f, 0x3b, 0xcb, 0xe9, 0x29, 0x3c, 0x0e, 0x75, 0x92, 0x3b,
    0xeb, 0x7e, 0xe7, 0x3a, 0x7b, 0xc3, 0x16, 0x3c, 0x80, 0xde, 0xf6, 0x3b,
    0x36, 0x59, 0x19, 0x3c, 0xb5, 0x00, 0x00, 0x00, 0x53, 0x75, 0x72, 0x76,
    0x65, 0x69, 0x6c, 0x6c, 0x61, 0x6e, 0x63, 0x65, 0x5f, 0x53, 0x45, 0x5f,
    0x44, 0x53, 0x5f, 0x43, 0x4e, 0x4e, 0x5f, 0x31, 0x2f, 0x62, 0x61, 0x74,
    0x63, 0x68, 0x5f, 0x6e, 0x6f, 0x72, 0x6d, 0x61, 0x6c, 0x69, 0x7a, 0x61,
    0x74, 0x69, 0x6f, 0x6e, 0x5f, 0x31, 0x5f, 0x32, 0x2f, 0x62, 0x61, 0x74,
    0x63, 0x68, 0x6e, 0x6f, 0x72, 0x6d, 0x2f, 0x6d, 0x75, 0x6c, 0x5f, 0x31,
    0x3b, 0x53, 0x75, 0x72, 0x76, 0x65, 0x69, 0x6c, 0x6c, 0x61, 0x6e, 0x63,
    0x65, 0x5f, 0x53, 0x45, 0x5f, 0x44, 0x53, 0x5f, 0x43, 0x4e, 0x4e, 0x5f,
    0x31, 0x2f, 0x64, 0x65, 0x70, 0x74, 0x68, 0x77, 0x69, 0x73, 0x65, 0x5f,
    0x63, 0x6f, 0x6e, 0x76, 0x32, 0x64, 0x5f, 0x31, 0x2f, 0x64, 0x65, 0x70,
    0x74, 0x68, 0x77, 0x69, 0x73, 0x65, 0x3b, 0x53, 0x75, 0x72, 0x76, 0x65,
    0x69, 0x6c, 0x6c, 0x61, 0x6e, 0x63, 0x65, 0x5f, 0x53, 0x45, 0x5f, 0x44,
    0x53, 0x5f, 0x43, 0x4e, 0x4e, 0x5f, 0x31, 0x2f, 0x62, 0x61, 0x74, 0x63,
    0x68, 0x5f, 0x6e, 0x6f, 0x72, 0x6d, 0x61, 0x6c, 0x69, 0x7a, 0x61, 0x74,
    0x69, 0x6f, 0x6e, 0x5f, 0x31, 0x5f, 0x32, 0x2f, 0x62, 0x61, 0x74, 0x63,
    0x68, 0x6e, 0x6f, 0x72, 0x6d, 0x2f, 0x6d, 0x75, 0x6c, 0x00, 0x00, 0x00,
    0x04, 0x00, 0x00, 0x00, 0x01, 0x00, 0x00, 0x00, 0x03, 0x00, 0x00, 0x00,
    0x03, 0x00, 0x00, 0x00, 0x18, 0x00, 0x00, 0x00, 0x8a, 0xdc, 0xff, 0xff,
    0x00, 0x00, 0x00, 0x01, 0x14, 0x00, 0x00, 0x00, 0x48, 0x01, 0x00, 0x00,
    0x14, 0x00, 0x00, 0x00, 0x00, 0x00, 0x00, 0x02, 0xa0, 0x02, 0x00, 0x00,
    0x04, 0xdc, 0xff, 0xff, 0x08, 0x00, 0x00, 0x00, 0xcc, 0x00, 0x00, 0x00,
    0x18, 0x00, 0x00, 0x00, 0x00, 0x00, 0x00, 0x00, 0x00, 0x00, 0x00, 0x00,
    0x00, 0x00, 0x00, 0x00, 0x00, 0x00, 0x00, 0x00, 0x00, 0x00, 0x00, 0x00,
    0x00, 0x00, 0x00, 0x00, 0x00, 0x00, 0x00, 0x00, 0x00, 0x00, 0x00, 0x00,
    0x00, 0x00, 0x00, 0x00, 0x00, 0x00, 0x00, 0x00, 0x00, 0x00, 0x00, 0x00,
    0x00, 0x00, 0x00, 0x00, 0x00, 0x00, 0x00, 0x00, 0x00, 0x00, 0x00, 0x00,
    0x00, 0x00, 0x00, 0x00, 0x00, 0x00, 0x00, 0x00, 0x00, 0x00, 0x00, 0x00,
    0x00, 0x00, 0x00, 0x00, 0x00, 0x00, 0x00, 0x00, 0x00, 0x00, 0x00, 0x00,
    0x00, 0x00, 0x00, 0x00, 0x00, 0x00, 0x00, 0x00, 0x00, 0x00, 0x00, 0x00,
    0x00, 0x00, 0x00, 0x00, 0x00, 0x00, 0x00, 0x00, 0x00, 0x00, 0x00, 0x00,
    0x00, 0x00, 0x00, 0x00, 0x00, 0x00, 0x00, 0x00, 0x00, 0x00, 0x00, 0x00,
    0x00, 0x00, 0x00, 0x00, 0x00, 0x00, 0x00, 0x00, 0x00, 0x00, 0x00, 0x00,
    0x00, 0x00, 0x00, 0x00, 0x00, 0x00, 0x00, 0x00, 0x00, 0x00, 0x00, 0x00,
    0x00, 0x00, 0x00, 0x00, 0x00, 0x00, 0x00, 0x00, 0x00, 0x00, 0x00, 0x00,
    0x00, 0x00, 0x00, 0x00, 0x00, 0x00, 0x00, 0x00, 0x00, 0x00, 0x00, 0x00,
    0x00, 0x00, 0x00, 0x00, 0x00, 0x00, 0x00, 0x00, 0x00, 0x00, 0x00, 0x00,
    0x00, 0x00, 0x00, 0x00, 0x00, 0x00, 0x00, 0x00, 0x00, 0x00, 0x00, 0x00,
    0x00, 0x00, 0x00, 0x00, 0x00, 0x00, 0x00, 0x00, 0x18, 0x00, 0x00, 0x00,
    0xdf, 0xc7, 0x51, 0x39, 0x09, 0x46, 0x9e, 0x39, 0x23, 0xfc, 0x48, 0x39,
    0xeb, 0x52, 0x7b, 0x39, 0x61, 0xce, 0x36, 0x39, 0x36, 0x87, 0x38, 0x39,
    0x29, 0x40, 0x8e, 0x39, 0x89, 0x13, 0x8e, 0x39, 0xc8, 0xf4, 0x8e, 0x39,
    0x36, 0xf6, 0xd8, 0x39, 0x12, 0x2f, 0x11, 0x39, 0xed, 0x0e, 0x10, 0x39,
    0x69, 0xfb, 0x81, 0x3a, 0xa7, 0x45, 0xc1, 0x39, 0x0b, 0x30, 0xb0, 0x39,
    0x65, 0x4f, 0x38, 0x39, 0x98, 0x36, 0xba, 0x38, 0xea, 0xcc, 0x0e, 0x39,
    0x25, 0x5b, 0x98, 0x39, 0xe1, 0x52, 0x03, 0x39, 0x40, 0x93, 0x4f, 0x38,
    0x64, 0x2f, 0x87, 0x39, 0x2b, 0x5c, 0x5d, 0x39, 0xbe, 0x80, 0x89, 0x39,
    0x5d, 0x01, 0x00, 0x00, 0x53, 0x75, 0x72, 0x76, 0x65, 0x69, 0x6c, 0x6c,
    0x61, 0x6e, 0x63, 0x65, 0x5f, 0x53, 0x45, 0x5f, 0x44, 0x53, 0x5f, 0x43,
    0x4e, 0x4e, 0x5f, 0x31, 0x2f, 0x72, 0x65, 0x5f, 0x6c, 0x75, 0x5f, 0x31,
    0x5f, 0x32, 0x2f, 0x52, 0x65, 0x6c, 0x75, 0x3b, 0x53, 0x75, 0x72, 0x76,
    0x65, 0x69, 0x6c, 0x6c, 0x61, 0x6e, 0x63, 0x65, 0x5f, 0x53, 0x45, 0x5f,
    0x44, 0x53, 0x5f, 0x43, 0x4e, 0x4e, 0x5f, 0x31, 0x2f, 0x62, 0x61, 0x74,
    0x63, 0x68, 0x5f, 0x6e, 0x6f, 0x72, 0x6d, 0x61, 0x6c, 0x69, 0x7a, 0x61,
    0x74, 0x69, 0x6f, 0x6e, 0x5f, 0x31, 0x5f, 0x32, 0x2f, 0x62, 0x61, 0x74,
    0x63, 0x68, 0x6e, 0x6f, 0x72, 0x6d, 0x2f, 0x61, 0x64, 0x64, 0x5f, 0x31,
    0x3b, 0x53, 0x75, 0x72, 0x76, 0x65, 0x69, 0x6c, 0x6c, 0x61, 0x6e, 0x63,
    0x65, 0x5f, 0x53, 0x45, 0x5f, 0x44, 0x53, 0x5f, 0x43, 0x4e, 0x4e, 0x5f,
    0x31, 0x2f, 0x62, 0x61, 0x74, 0x63, 0x68, 0x5f, 0x6e, 0x6f, 0x72, 0x6d,
    0x61, 0x6c, 0x69, 0x7a, 0x61, 0x74, 0x69, 0x6f, 0x6e, 0x5f, 0x31, 0x5f,
    0x32, 0x2f, 0x62, 0x61, 0x74, 0x63, 0x68, 0x6e, 0x6f, 0x72, 0x6d, 0x2f,
    0x6d, 0x75, 0x6c, 0x5f, 0x31, 0x3b, 0x53, 0x75, 0x72, 0x76, 0x65, 0x69,
    0x6c, 0x6c, 0x61, 0x6e, 0x63, 0x65, 0x5f, 0x53, 0x45, 0x5f, 0x44, 0x53,
    0x5f, 0x43, 0x4e, 0x4e, 0x5f, 0x31, 0x2f, 0x64, 0x65, 0x70, 0x74, 0x68,
    0x77, 0x69, 0x73, 0x65, 0x5f, 0x63, 0x6f, 0x6e, 0x76, 0x32, 0x64, 0x5f,
    0x31, 0x2f, 0x64, 0x65, 0x70, 0x74, 0x68, 0x77, 0x69, 0x73, 0x65, 0x3b,
    0x53, 0x75, 0x72, 0x76, 0x65, 0x69, 0x6c, 0x6c, 0x61, 0x6e, 0x63, 0x65,
    0x5f, 0x53, 0x45, 0x5f, 0x44, 0x53, 0x5f, 0x43, 0x4e, 0x4e, 0x5f, 0x31,
    0x2f, 0x62, 0x61, 0x74, 0x63, 0x68, 0x5f, 0x6e, 0x6f, 0x72, 0x6d, 0x61,
    0x6c, 0x69, 0x7a, 0x61, 0x74, 0x69, 0x6f, 0x6e, 0x5f, 0x31, 0x5f, 0x32,
    0x2f, 0x62, 0x61, 0x74, 0x63, 0x68, 0x6e, 0x6f, 0x72, 0x6d, 0x2f, 0x6d,
    0x75, 0x6c, 0x3b, 0x53, 0x75, 0x72, 0x76, 0x65, 0x69, 0x6c, 0x6c, 0x61,
    0x6e, 0x63, 0x65, 0x5f, 0x53, 0x45, 0x5f, 0x44, 0x53, 0x5f, 0x43, 0x4e,
    0x4e, 0x5f, 0x31, 0x2f, 0x62, 0x61, 0x74, 0x63, 0x68, 0x5f, 0x6e, 0x6f,
    0x72, 0x6d, 0x61, 0x6c, 0x69, 0x7a, 0x61, 0x74, 0x69, 0x6f, 0x6e, 0x5f,
    0x31, 0x5f, 0x32, 0x2f, 0x62, 0x61, 0x74, 0x63, 0x68, 0x6e, 0x6f, 0x72,
    0x6d, 0x2f, 0x73, 0x75, 0x62, 0x00, 0x00, 0x00, 0x01, 0x00, 0x00, 0x00,
    0x18, 0x00, 0x00, 0x00, 0x4a, 0xdf, 0xff, 0xff, 0x00, 0x00, 0x00, 0x01,
    0x14, 0x00, 0x00, 0x00, 0x64, 0x02, 0x00, 0x00, 0x13, 0x00, 0x00, 0x00,
    0x00, 0x00, 0x00, 0x09, 0x8c, 0x02, 0x00, 0x00, 0xc4, 0xde, 0xff, 0xff,
    0x08, 0x00, 0x00, 0x00, 0x88, 0x01, 0x00, 0x00, 0x30, 0x00, 0x00, 0x00,
    0x00, 0x00, 0x00, 0x00, 0x00, 0x00, 0x00, 0x00, 0x00, 0x00, 0x00, 0x00,
    0x00, 0x00, 0x00, 0x00, 0x00, 0x00, 0x00, 0x00, 0x00, 0x00, 0x00, 0x00,
    0x00, 0x00, 0x00, 0x00, 0x00, 0x00, 0x00, 0x00, 0x00, 0x00, 0x00, 0x00,
    0x00, 0x00, 0x00, 0x00, 0x00, 0x00, 0x00, 0x00, 0x00, 0x00, 0x00, 0x00,
    0x00, 0x00, 0x00, 0x00, 0x00, 0x00, 0x00, 0x00, 0x00, 0x00, 0x00, 0x00,
    0x00, 0x00, 0x00, 0x00, 0x00, 0x00, 0x00, 0x00, 0x00, 0x00, 0x00, 0x00,
    0x00, 0x00, 0x00, 0x00, 0x00, 0x00, 0x00, 0x00, 0x00, 0x00, 0x00, 0x00,
    0x00, 0x00, 0x00, 0x00, 0x00, 0x00, 0x00, 0x00, 0x00, 0x00, 0x00, 0x00,
    0x00, 0x00, 0x00, 0x00, 0x00, 0x00, 0x00, 0x00, 0x00, 0x00, 0x00, 0x00,
    0x00, 0x00, 0x00, 0x00, 0x00, 0x00, 0x00, 0x00, 0x00, 0x00, 0x00, 0x00,
    0x00, 0x00, 0x00, 0x00, 0x00, 0x00, 0x00, 0x00, 0x00, 0x00, 0x00, 0x00,
    0x00, 0x00, 0x00, 0x00, 0x00, 0x00, 0x00, 0x00, 0x00, 0x00, 0x00, 0x00,
    0x00, 0x00, 0x00, 0x00, 0x00, 0x00, 0x00, 0x00, 0x00, 0x00, 0x00, 0x00,
    0x00, 0x00, 0x00, 0x00, 0x00, 0x00, 0x00, 0x00, 0x00, 0x00, 0x00, 0x00,
    0x00, 0x00, 0x00, 0x00, 0x00, 0x00, 0x00, 0x00, 0x00, 0x00, 0x00, 0x00,
    0x00, 0x00, 0x00, 0x00, 0x00, 0x00, 0x00, 0x00, 0x00, 0x00, 0x00, 0x00,
    0x00, 0x00, 0x00, 0x00, 0x00, 0x00, 0x00, 0x00, 0x00, 0x00, 0x00, 0x00,
    0x00, 0x00, 0x00, 0x00, 0x00, 0x00, 0x00, 0x00, 0x00, 0x00, 0x00, 0x00,
    0x00, 0x00, 0x00, 0x00, 0x00, 0x00, 0x00, 0x00, 0x00, 0x00, 0x00, 0x00,
    0x00, 0x00, 0x00, 0x00, 0x00, 0x00, 0x00, 0x00, 0x00, 0x00, 0x00, 0x00,
    0x00, 0x00, 0x00, 0x00, 0x00, 0x00, 0x00, 0x00, 0x00, 0x00, 0x00, 0x00,
    0x00, 0x00, 0x00, 0x00, 0x00, 0x00, 0x00, 0x00, 0x00, 0x00, 0x00, 0x00,
    0x00, 0x00, 0x00, 0x00, 0x00, 0x00, 0x00, 0x00, 0x00, 0x00, 0x00, 0x00,
    0x00, 0x00, 0x00, 0x00, 0x00, 0x00, 0x00, 0x00, 0x00, 0x00, 0x00, 0x00,
    0x00, 0x00, 0x00, 0x00, 0x00, 0x00, 0x00, 0x00, 0x00, 0x00, 0x00, 0x00,
    0x00, 0x00, 0x00, 0x00, 0x00, 0x00, 0x00, 0x00, 0x00, 0x00, 0x00, 0x00,
    0x00, 0x00, 0x00, 0x00, 0x00, 0x00, 0x00, 0x00, 0x00, 0x00, 0x00, 0x00,
    0x00, 0x00, 0x00, 0x00, 0x00, 0x00, 0x00, 0x00, 0x00, 0x00, 0x00, 0x00,
    0x00, 0x00, 0x00, 0x00, 0x00, 0x00, 0x00, 0x00, 0x00, 0x00, 0x00, 0x00,
    0x00, 0x00, 0x00, 0x00, 0x00, 0x00, 0x00, 0x00, 0x00, 0x00, 0x00, 0x00,
    0x00, 0x00, 0x00, 0x00, 0x00, 0x00, 0x00, 0x00, 0x00, 0x00, 0x00, 0x00,
    0x00, 0x00, 0x00, 0x00, 0x00, 0x00, 0x00, 0x00, 0x00, 0x00, 0x00, 0x00,
    0x30, 0x00, 0x00, 0x00, 0xdc, 0xf5, 0xd4, 0x3b, 0x52, 0xc1, 0x34, 0x3c,
    0xc4, 0x51, 0xc6, 0x3b, 0x60, 0xd2, 0xd2, 0x3b, 0xf0, 0x38, 0x66, 0x3b,
    0xfd, 0xdc, 0xb5, 0x3b, 0xe6, 0x62, 0xb2, 0x3b, 0x2e, 0x4a, 0x10, 0x3c,
    0x0c, 0x8a, 0xbe, 0x3b, 0xf1, 0x68, 0x06, 0x3c, 0xcb, 0x76, 0xbc, 0x3b,
    0x24, 0xf5, 0x66, 0x3b, 0xb2, 0x6f, 0xb2, 0x3b, 0xd9, 0xa4, 0x39, 0x3c,
    0x1a, 0x22, 0xc5, 0x3b, 0xfc, 0x01, 0xda, 0x3b, 0xd8, 0xe4, 0xa0, 0x3b,
    0x41, 0xf8, 0xaa, 0x3b, 0x41, 0x03, 0xb5, 0x3b, 0xda, 0xf3, 0xf7, 0x3b,
    0xa5, 0x13, 0x83, 0x3b, 0xb0, 0x1e, 0xce, 0x3b, 0x71, 0x1f, 0x9d, 0x3b,
    0x86, 0x76, 0x8b, 0x3b, 0x45, 0xc4, 0xb6, 0x3b, 0xb4, 0x1d, 0xaf, 0x3b,
    0xc3, 0xe0, 0xd4, 0x3b, 0x9c, 0x4e, 0xe4, 0x3b, 0x13, 0x06, 0xb8, 0x3b,
    0x55, 0x20, 0x9f, 0x3b, 0x23, 0xdb, 0xb8, 0x3b, 0xac, 0x34, 0x9b, 0x3b,
    0x30, 0x44, 0xb8, 0x3b, 0x10, 0xf2, 0xc7, 0x3b, 0x55, 0x5b, 0xf8, 0x3b,
    0x97, 0xdc, 0x93, 0x3b, 0xaf, 0x1f, 0x4e, 0x3b, 0x29, 0x7b, 0xac, 0x3b,
    0x05, 0xcd, 0x12, 0x3c, 0x20, 0x7a, 0x0a, 0x3c, 0xd1, 0xd8, 0x29, 0x3c,
    0x3d, 0x92, 0xc4, 0x3b, 0xb1, 0xc3, 0x88, 0x3b, 0xef, 0x98, 0xab, 0x3b,
    0xe1, 0x63, 0xb0, 0x3b, 0x05, 0x9d, 0x0b, 0x3c, 0x9c, 0xac, 0x9c, 0x3b,
    0x07, 0xc8, 0xd2, 0x3b, 0x2f, 0x00, 0x00, 0x00, 0x53, 0x75, 0x72, 0x76,
    0x65, 0x69, 0x6c, 0x6c, 0x61, 0x6e, 0x63, 0x65, 0x5f, 0x53, 0x45, 0x5f,
    0x44, 0x53, 0x5f, 0x43, 0x4e, 0x4e, 0x5f, 0x31, 0x2f, 0x63, 0x6f, 0x6e,
    0x76, 0x32, 0x64, 0x5f, 0x31, 0x5f, 0x32, 0x2f, 0x63, 0x6f, 0x6e, 0x76,
    0x6f, 0x6c, 0x75, 0x74, 0x69, 0x6f, 0x6e, 0x00, 0x04, 0x00, 0x00, 0x00,
    0x30, 0x00, 0x00, 0x00, 0x01, 0x00, 0x00, 0x00, 0x01, 0x00, 0x00, 0x00,
    0x18, 0x00, 0x00, 0x00, 0x02, 0xe2, 0xff, 0xff, 0x00, 0x00, 0x00, 0x01,
    0x14, 0x00, 0x00, 0x00, 0x68, 0x02, 0x00, 0x00, 0x12, 0x00, 0x00, 0x00,
    0x00, 0x00, 0x00, 0x02, 0x38, 0x03, 0x00, 0x00, 0x7c, 0xe1, 0xff, 0xff,
    0x08, 0x00, 0x00, 0x00, 0x8c, 0x01, 0x00, 0x00, 0x30, 0x00, 0x00, 0x00,
    0x00, 0x00, 0x00, 0x00, 0x00, 0x00, 0x00, 0x00, 0x00, 0x00, 0x00, 0x00,
    0x00, 0x00, 0x00, 0x00, 0x00, 0x00, 0x00, 0x00, 0x00, 0x00, 0x00, 0x00,
    0x00, 0x00, 0x00, 0x00, 0x00, 0x00, 0x00, 0x00, 0x00, 0x00, 0x00, 0x00,
    0x00, 0x00, 0x00, 0x00, 0x00, 0x00, 0x00, 0x00, 0x00, 0x00, 0x00, 0x00,
    0x00, 0x00, 0x00, 0x00, 0x00, 0x00, 0x00, 0x00, 0x00, 0x00, 0x00, 0x00,
    0x00, 0x00, 0x00, 0x00, 0x00, 0x00, 0x00, 0x00, 0x00, 0x00, 0x00, 0x00,
    0x00, 0x00, 0x00, 0x00, 0x00, 0x00, 0x00, 0x00, 0x00, 0x00, 0x00, 0x00,
    0x00, 0x00, 0x00, 0x00, 0x00, 0x00, 0x00, 0x00, 0x00, 0x00, 0x00, 0x00,
    0x00, 0x00, 0x00, 0x00, 0x00, 0x00, 0x00, 0x00, 0x00, 0x00, 0x00, 0x00,
    0x00, 0x00, 0x00, 0x00, 0x00, 0x00, 0x00, 0x00, 0x00, 0x00, 0x00, 0x00,
    0x00, 0x00, 0x00, 0x00, 0x00, 0x00, 0x00, 0x00, 0x00, 0x00, 0x00, 0x00,
    0x00, 0x00, 0x00, 0x00, 0x00, 0x00, 0x00, 0x00, 0x00, 0x00, 0x00, 0x00,
    0x00, 0x00, 0x00, 0x00, 0x00, 0x00, 0x00, 0x00, 0x00, 0x00, 0x00, 0x00,
    0x00, 0x00, 0x00, 0x00, 0x00, 0x00, 0x00, 0x00, 0x00, 0x00, 0x00, 0x00,
    0x00, 0x00, 0x00, 0x00, 0x00, 0x00, 0x00, 0x00, 0x00, 0x00, 0x00, 0x00,
    0x00, 0x00, 0x00, 0x00, 0x00, 0x00, 0x00, 0x00, 0x00, 0x00, 0x00, 0x00,
    0x00, 0x00, 0x00, 0x00, 0x00, 0x00, 0x00, 0x00, 0x00, 0x00, 0x00, 0x00,
    0x00, 0x00, 0x00, 0x00, 0x00, 0x00, 0x00, 0x00, 0x00, 0x00, 0x00, 0x00,
    0x00, 0x00, 0x00, 0x00, 0x00, 0x00, 0x00, 0x00, 0x00, 0x00, 0x00, 0x00,
    0x00, 0x00, 0x00, 0x00, 0x00, 0x00, 0x00, 0x00, 0x00, 0x00, 0x00, 0x00,
    0x00, 0x00, 0x00, 0x00, 0x00, 0x00, 0x00, 0x00, 0x00, 0x00, 0x00, 0x00,
    0x00, 0x00, 0x00, 0x00, 0x00, 0x00, 0x00, 0x00, 0x00, 0x00, 0x00, 0x00,
    0x00, 0x00, 0x00, 0x00, 0x00, 0x00, 0x00, 0x00, 0x00, 0x00, 0x00, 0x00,
    0x00, 0x00, 0x00, 0x00, 0x00, 0x00, 0x00, 0x00, 0x00, 0x00, 0x00, 0x00,
    0x00, 0x00, 0x00, 0x00, 0x00, 0x00, 0x00, 0x00, 0x00, 0x00, 0x00, 0x00,
    0x00, 0x00, 0x00, 0x00, 0x00, 0x00, 0x00, 0x00, 0x00, 0x00, 0x00, 0x00,
    0x00, 0x00, 0x00, 0x00, 0x00, 0x00, 0x00, 0x00, 0x00, 0x00, 0x00, 0x00,
    0x00, 0x00, 0x00, 0x00, 0x00, 0x00, 0x00, 0x00, 0x00, 0x00, 0x00, 0x00,
    0x00, 0x00, 0x00, 0x00, 0x00, 0x00, 0x00, 0x00, 0x00, 0x00, 0x00, 0x00,
    0x00, 0x00, 0x00, 0x00, 0x00, 0x00, 0x00, 0x00, 0x00, 0x00, 0x00, 0x00,
    0x00, 0x00, 0x00, 0x00, 0x00, 0x00, 0x00, 0x00, 0x00, 0x00, 0x00, 0x00,
    0x00, 0x00, 0x00, 0x00, 0x00, 0x00, 0x00, 0x00, 0x00, 0x00, 0x00, 0x00,
    0x00, 0x00, 0x00, 0x00, 0x30, 0x00, 0x00, 0x00, 0x16, 0x99, 0xae, 0x39,
    0xb5, 0x31, 0x14, 0x3a, 0x2b, 0x98, 0xa2, 0x39, 0x3a, 0xd8, 0xac, 0x39,
    0x1e, 0xc0, 0x3c, 0x39, 0x46, 0x1a, 0x95, 0x39, 0x86, 0x40, 0x92, 0x39,
    0x5f, 0x98, 0xec, 0x39, 0x3c, 0x37, 0x9c, 0x39, 0x1f, 0x65, 0xdc, 0x39,
    0xae, 0x83, 0x9a, 0x39, 0x6b, 0x5a, 0x3d, 0x39, 0x04, 0x4b, 0x92, 0x39,
    0xc9, 0x33, 0x18, 0x3a, 0x35, 0x9f, 0xa1, 0x39, 0x73, 0xbc, 0xb2, 0x39,
    0x24, 0xe9, 0x83, 0x39, 0xe6, 0x2b, 0x8c, 0x39, 0xc3, 0x67, 0x94, 0x39,
    0x66, 0x49, 0xcb, 0x39, 0xf4, 0xed, 0x56, 0x39, 0x5e, 0xfd, 0xa8, 0x39,
    0xa5, 0xd1, 0x80, 0x39, 0x3d, 0xae, 0x64, 0x39, 0xe5, 0xd7, 0x95, 0x39,
    0x24, 0x92, 0x8f, 0x39, 0xca, 0x87, 0xae, 0x39, 0x1e, 0x2e, 0xbb, 0x39,
    0xbb, 0xdf, 0x96, 0x39, 0x25, 0x76, 0x82, 0x39, 0x69, 0x8e, 0x97, 0x39,
    0x90, 0x7e, 0x7e, 0x39, 0xa7, 0x12, 0x97, 0x39, 0x79, 0xed, 0xa3, 0x39,
    0x3d, 0x9e, 0xcb, 0x39, 0xc0, 0x73, 0x72, 0x39, 0x2f, 0xfe, 0x28, 0x39,
    0x1c, 0x69, 0x8d, 0x39, 0x73, 0xb6, 0xf0, 0x39, 0x60, 0x10, 0xe3, 0x39,
    0x3e, 0x40, 0x0b, 0x3a, 0x42, 0x29, 0xa1, 0x39, 0x77, 0x41, 0x60, 0x39,
    0xa3, 0xaf, 0x8c, 0x39, 0x8f, 0x9d, 0x90, 0x39, 0x5c, 0xed, 0xe4, 0x39,
    0x80, 0x73, 0x80, 0x39, 0xbe, 0xcf, 0xac, 0x39, 0xd7, 0x00, 0x00, 0x00,
    0x53, 0x75, 0x72, 0x76, 0x65, 0x69, 0x6c, 0x6c, 0x61, 0x6e, 0x63, 0x65,
    0x5f, 0x53, 0x45, 0x5f, 0x44, 0x53, 0x5f, 0x43, 0x4e, 0x4e, 0x5f, 0x31,
    0x2f, 0x72, 0x65, 0x5f, 0x6c, 0x75, 0x5f, 0x32, 0x5f, 0x31, 0x2f, 0x52,
    0x65, 0x6c, 0x75, 0x3b, 0x53, 0x75, 0x72, 0x76, 0x65, 0x69, 0x6c, 0x6c,
    0x61, 0x6e, 0x63, 0x65, 0x5f, 0x53, 0x45, 0x5f, 0x44, 0x53, 0x5f, 0x43,
    0x4e, 0x4e, 0x5f, 0x31, 0x2f, 0x62, 0x61, 0x74, 0x63, 0x68, 0x5f, 0x6e,
    0x6f, 0x72, 0x6d, 0x61, 0x6c, 0x69, 0x7a, 0x61, 0x74, 0x69, 0x6f, 0x6e,
    0x5f, 0x32, 0x5f, 0x31, 0x2f, 0x62, 0x61, 0x74, 0x63, 0x68, 0x6e, 0x6f,
    0x72, 0x6d, 0x2f, 0x61, 0x64, 0x64, 0x5f, 0x31, 0x3b, 0x53, 0x75, 0x72,
    0x76, 0x65, 0x69, 0x6c, 0x6c, 0x61, 0x6e, 0x63, 0x65, 0x5f, 0x53, 0x45,
    0x5f, 0x44, 0x53, 0x5f, 0x43, 0x4e, 0x4e, 0x5f, 0x31, 0x2f, 0x63, 0x6f,
    0x6e, 0x76, 0x32, 0x64, 0x5f, 0x31, 0x5f, 0x32, 0x2f, 0x63, 0x6f, 0x6e,
    0x76, 0x6f, 0x6c, 0x75, 0x74, 0x69, 0x6f, 0x6e, 0x3b, 0x53, 0x75, 0x72,
    0x76, 0x65, 0x69, 0x6c, 0x6c, 0x61, 0x6e, 0x63, 0x65, 0x5f, 0x53, 0x45,
    0x5f, 0x44, 0x53, 0x5f, 0x43, 0x4e, 0x4e, 0x5f, 0x31, 0x2f, 0x62, 0x61,
    0x74, 0x63, 0x68, 0x5f, 0x6e, 0x6f, 0x72, 0x6d, 0x61, 0x6c, 0x69, 0x7a,
    0x61, 0x74, 0x69, 0x6f, 0x6e, 0x5f, 0x32, 0x5f, 0x31, 0x2f, 0x62, 0x61,
    0x74, 0x63, 0x68, 0x6e, 0x6f, 0x72, 0x6d, 0x2f, 0x73, 0x75, 0x62, 0x00,
    0x01, 0x00, 0x00, 0x00, 0x30, 0x00, 0x00, 0x00, 0x5a, 0xe5, 0xff, 0xff,
    0x00, 0x00, 0x00, 0x01, 0x14, 0x00, 0x00, 0x00, 0x6c, 0x00, 0x00, 0x00,
    0x11, 0x00, 0x00, 0x00, 0x00, 0x00, 0x00, 0x09, 0x8c, 0x00, 0x00, 0x00,
    0xd4, 0xe4, 0xff, 0xff, 0x08, 0x00, 0x00, 0x00, 0x38, 0x00, 0x00, 0x00,
    0x06, 0x00, 0x00, 0x00, 0x00, 0x00, 0x00, 0x00, 0x00, 0x00, 0x00, 0x00,
    0x00, 0x00, 0x00, 0x00, 0x00, 0x00, 0x00, 0x00, 0x00, 0x00, 0x00, 0x00,
    0x00, 0x00, 0x00, 0x00, 0x00, 0x00, 0x00, 0x00, 0x00, 0x00, 0x00, 0x00,
    0x00, 0x00, 0x00, 0x00, 0x00, 0x00, 0x00, 0x00, 0x00, 0x00, 0x00, 0x00,
    0x00, 0x00, 0x00, 0x00, 0x06, 0x00, 0x00, 0x00, 0x00, 0xf7, 0x9e, 0x3b,
    0x9f, 0xcf, 0xb4, 0x3b, 0xd3, 0xf6, 0xe4, 0x3b, 0xb3, 0x3a, 0x2a, 0x3b,
    0xb4, 0x69, 0x9c, 0x3b, 0x0e, 0x24, 0x96, 0x3b, 0x27, 0x00, 0x00, 0x00,
    0x53, 0x75, 0x72, 0x76, 0x65, 0x69, 0x6c, 0x6c, 0x61, 0x6e, 0x63, 0x65,
    0x5f, 0x53, 0x45, 0x5f, 0x44, 0x53, 0x5f, 0x43, 0x4e, 0x4e, 0x5f, 0x31,
    0x2f, 0x64, 0x65, 0x6e, 0x73, 0x65, 0x5f, 0x31, 0x2f, 0x4d, 0x61, 0x74,
    0x4d, 0x75, 0x6c, 0x00, 0x02, 0x00, 0x00, 0x00, 0x06, 0x00, 0x00, 0x00,
    0x30, 0x00, 0x00, 0x00, 0x0a, 0xe6, 0xff, 0xff, 0x00, 0x00, 0x00, 0x01,
    0x14, 0x00, 0x00, 0x00, 0x68, 0x02, 0x00, 0x00, 0x10, 0x00, 0x00, 0x00,
    0x00, 0x00, 0x00, 0x09, 0x8c, 0x02, 0x00, 0x00, 0x84, 0xe5, 0xff, 0xff,
    0x08, 0x00, 0x00, 0x00, 0x8c, 0x01, 0x00, 0x00, 0x30, 0x00, 0x00, 0x00,
    0x00, 0x00, 0x00, 0x00, 0x00, 0x00, 0x00, 0x00, 0x00, 0x00, 0x00, 0x00,
    0x00, 0x00, 0x00, 0x00, 0x00, 0x00, 0x00, 0x00, 0x00, 0x00, 0x00, 0x00,
    0x00, 0x00, 0x00, 0x00, 0x00, 0x00, 0x00, 0x00, 0x00, 0x00, 0x00, 0x00,
    0x00, 0x00, 0x00, 0x00, 0x00, 0x00, 0x00, 0x00, 0x00, 0x00, 0x00, 0x00,
    0x00, 0x00, 0x00, 0x00, 0x00, 0x00, 0x00, 0x00, 0x00, 0x00, 0x00, 0x00,
    0x00, 0x00, 0x00, 0x00, 0x00, 0x00, 0x00, 0x00, 0x00, 0x00, 0x00, 0x00,
    0x00, 0x00, 0x00, 0x00, 0x00, 0x00, 0x00, 0x00, 0x00, 0x00, 0x00, 0x00,
    0x00, 0x00, 0x00, 0x00, 0x00, 0x00, 0x00, 0x00, 0x00, 0x00, 0x00, 0x00,
    0x00, 0x00, 0x00, 0x00, 0x00, 0x00, 0x00, 0x00, 0x00, 0x00, 0x00, 0x00,
    0x00, 0x00, 0x00, 0x00, 0x00, 0x00, 0x00, 0x00, 0x00, 0x00, 0x00, 0x00,
    0x00, 0x00, 0x00, 0x00, 0x00, 0x00, 0x00, 0x00, 0x00, 0x00, 0x00, 0x00,
    0x00, 0x00, 0x00, 0x00, 0x00, 0x00, 0x00, 0x00, 0x00, 0x00, 0x00, 0x00,
    0x00, 0x00, 0x00, 0x00, 0x00, 0x00, 0x00, 0x00, 0x00, 0x00, 0x00, 0x00,
    0x00, 0x00, 0x00, 0x00, 0x00, 0x00, 0x00, 0x00, 0x00, 0x00, 0x00, 0x00,
    0x00, 0x00, 0x00, 0x00, 0x00, 0x00, 0x00, 0x00, 0x00, 0x00, 0x00, 0x00,
    0x00, 0x00, 0x00, 0x00, 0x00, 0x00, 0x00, 0x00, 0x00, 0x00, 0x00, 0x00,
    0x00, 0x00, 0x00, 0x00, 0x00, 0x00, 0x00, 0x00, 0x00, 0x00, 0x00, 0x00,
    0x00, 0x00, 0x00, 0x00, 0x00, 0x00, 0x00, 0x00, 0x00, 0x00, 0x00, 0x00,
    0x00, 0x00, 0x00, 0x00, 0x00, 0x00, 0x00, 0x00, 0x00, 0x00, 0x00, 0x00,
    0x00, 0x00, 0x00, 0x00, 0x00, 0x00, 0x00, 0x00, 0x00, 0x00, 0x00, 0x00,
    0x00, 0x00, 0x00, 0x00, 0x00, 0x00, 0x00, 0x00, 0x00, 0x00, 0x00, 0x00,
    0x00, 0x00, 0x00, 0x00, 0x00, 0x00, 0x00, 0x00, 0x00, 0x00, 0x00, 0x00,
    0x00, 0x00, 0x00, 0x00, 0x00, 0x00, 0x00, 0x00, 0x00, 0x00, 0x00, 0x00,
    0x00, 0x00, 0x00, 0x00, 0x00, 0x00, 0x00, 0x00, 0x00, 0x00, 0x00, 0x00,
    0x00, 0x00, 0x00, 0x00, 0x00, 0x00, 0x00, 0x00, 0x00, 0x00, 0x00, 0x00,
    0x00, 0x00, 0x00, 0x00, 0x00, 0x00, 0x00, 0x00, 0x00, 0x00, 0x00, 0x00,
    0x00, 0x00, 0x00, 0x00, 0x00, 0x00, 0x00, 0x00, 0x00, 0x00, 0x00, 0x00,
    0x00, 0x00, 0x00, 0x00, 0x00, 0x00, 0x00, 0x00, 0x00, 0x00, 0x00, 0x00,
    0x00, 0x00, 0x00, 0x00, 0x00, 0x00, 0x00, 0x00, 0x00, 0x00, 0x00, 0x00,
    0x00, 0x00, 0x00, 0x00, 0x00, 0x00, 0x00, 0x00, 0x00, 0x00, 0x00, 0x00,
    0x00, 0x00, 0x00, 0x00, 0x00, 0x00, 0x00, 0x00, 0x00, 0x00, 0x00, 0x00,
    0x00, 0x00, 0x00, 0x00, 0x00, 0x00, 0x00, 0x00, 0x00, 0x00, 0x00, 0x00,
    0x00, 0x00, 0x00, 0x00, 0x30, 0x00, 0x00, 0x00, 0x35, 0x96, 0x43, 0x3b,
    0x78, 0x43, 0x45, 0x3b, 0x66, 0x4f, 0x31, 0x3b, 0x9c, 0xbd, 0xf6, 0x3b,
    0x8b, 0xd8, 0x44, 0x3b, 0xed, 0x36, 0xa2, 0x3b, 0x04, 0xfe, 0x8f, 0x3b,
    0x91, 0x99, 0x99, 0x3b, 0x04, 0x04, 0x91, 0x3b, 0x6f, 0x77, 0xbe, 0x3b,
    0x89, 0xa5, 0x2f, 0x3b, 0x45, 0x6b, 0xa6, 0x3b, 0xd9, 0xea, 0xf1, 0x3a,
    0x18, 0x5c, 0x1e, 0x3b, 0x12, 0x33, 0x77, 0x3b, 0xe3, 0x5c, 0xd6, 0x3b,
    0x85, 0x6b, 0x55, 0x3b, 0x24, 0x09, 0x9c, 0x3b, 0x34, 0x93, 0x00, 0x3c,
    0xeb, 0x89, 0x52, 0x3b, 0x86, 0x29, 0x91, 0x3b, 0xe4, 0x18, 0x4f, 0x3b,
    0x4a, 0x7b, 0x79, 0x3b, 0xa5, 0xd5, 0x8f, 0x3b, 0xa3, 0xa0, 0x18, 0x3c,
    0xe2, 0xd3, 0x2d, 0x3b, 0x19, 0xc2, 0x51, 0x3b, 0x5a, 0x6e, 0xc1, 0x3b,
    0x98, 0x4e, 0x2b, 0x3b, 0x9d, 0xd6, 0x96, 0x3b, 0xe7, 0x7d, 0x28, 0x3b,
    0x85, 0x63, 0xd9, 0x3b, 0x00, 0xa4, 0x21, 0x3b, 0x32, 0xbf, 0x7d, 0x3b,
    0x5e, 0x3e, 0x7e, 0x3b, 0xae, 0x54, 0x1b, 0x3b, 0x7a, 0x1b, 0xcf, 0x3b,
    0x7e, 0x71, 0xae, 0x3b, 0x43, 0x80, 0x96, 0x3b, 0x9d, 0xfa, 0x68, 0x3b,
    0x18, 0xa1, 0x74, 0x3b, 0xdf, 0xe9, 0x2e, 0x3b, 0x92, 0x89, 0x13, 0x3b,
    0x2d, 0x98, 0x77, 0x3b, 0x55, 0xf8, 0x2a, 0x3b, 0xe3, 0x8b, 0xd9, 0x3b,
    0x71, 0xf9, 0x44, 0x3b, 0x55, 0x30, 0x95, 0x3b, 0x29, 0x00, 0x00, 0x00,
    0x53, 0x75, 0x72, 0x76, 0x65, 0x69, 0x6c, 0x6c, 0x61, 0x6e, 0x63, 0x65,
    0x5f, 0x53, 0x45, 0x5f, 0x44, 0x53, 0x5f, 0x43, 0x4e, 0x4e, 0x5f, 0x31,
    0x2f, 0x64, 0x65, 0x6e, 0x73, 0x65, 0x5f, 0x31, 0x5f, 0x32, 0x2f, 0x4d,
    0x61, 0x74, 0x4d, 0x75, 0x6c, 0x00, 0x00, 0x00, 0x02, 0x00, 0x00, 0x00,
    0x30, 0x00, 0x00, 0x00, 0x06, 0x00, 0x00, 0x00, 0x00, 0x00, 0x16, 0x00,
    0x1e, 0x00, 0x18, 0x00, 0x17, 0x00, 0x10, 0x00, 0x0c, 0x00, 0x08, 0x00,
    0x00, 0x00, 0x00, 0x00, 0x00, 0x00, 0x07, 0x00, 0x16, 0x00, 0x00, 0x00,
    0x00, 0x00, 0x00, 0x01, 0x28, 0x00, 0x00, 0x00, 0x7c, 0x02, 0x00, 0x00,
    0x0f, 0x00, 0x00, 0x00, 0x00, 0x00, 0x00, 0x09, 0x2c, 0x03, 0x00, 0x00,
    0x00, 0x00, 0x12, 0x00, 0x10, 0x00, 0x00, 0x00, 0x00, 0x00, 0x0c, 0x00,
    0x08, 0x00, 0x00, 0x00, 0x00, 0x00, 0x04, 0x00, 0x12, 0x00, 0x00, 0x00,
    0x03, 0x00, 0x00, 0x00, 0x08, 0x00, 0x00, 0x00, 0x88, 0x01, 0x00, 0x00,
    0x30, 0x00, 0x00, 0x00, 0x00, 0x00, 0x00, 0x00, 0x00, 0x00, 0x00, 0x00,
    0x00, 0x00, 0x00, 0x00, 0x00, 0x00, 0x00, 0x00, 0x00, 0x00, 0x00, 0x00,
    0x00, 0x00, 0x00, 0x00, 0x00, 0x00, 0x00, 0x00, 0x00, 0x00, 0x00, 0x00,
    0x00, 0x00, 0x00, 0x00, 0x00, 0x00, 0x00, 0x00, 0x00, 0x00, 0x00, 0x00,
    0x00, 0x00, 0x00, 0x00, 0x00, 0x00, 0x00, 0x00, 0x00, 0x00, 0x00, 0x00,
    0x00, 0x00, 0x00, 0x00, 0x00, 0x00, 0x00, 0x00, 0x00, 0x00, 0x00, 0x00,
    0x00, 0x00, 0x00, 0x00, 0x00, 0x00, 0x00, 0x00, 0x00, 0x00, 0x00, 0x00,
    0x00, 0x00, 0x00, 0x00, 0x00, 0x00, 0x00, 0x00, 0x00, 0x00, 0x00, 0x00,
    0x00, 0x00, 0x00, 0x00, 0x00, 0x00, 0x00, 0x00, 0x00, 0x00, 0x00, 0x00,
    0x00, 0x00, 0x00, 0x00, 0x00, 0x00, 0x00, 0x00, 0x00, 0x00, 0x00, 0x00,
    0x00, 0x00, 0x00, 0x00, 0x00, 0x00, 0x00, 0x00, 0x00, 0x00, 0x00, 0x00,
    0x00, 0x00, 0x00, 0x00, 0x00, 0x00, 0x00, 0x00, 0x00, 0x00, 0x00, 0x00,
    0x00, 0x00, 0x00, 0x00, 0x00, 0x00, 0x00, 0x00, 0x00, 0x00, 0x00, 0x00,
    0x00, 0x00, 0x00, 0x00, 0x00, 0x00, 0x00, 0x00, 0x00, 0x00, 0x00, 0x00,
    0x00, 0x00, 0x00, 0x00, 0x00, 0x00, 0x00, 0x00, 0x00, 0x00, 0x00, 0x00,
    0x00, 0x00, 0x00, 0x00, 0x00, 0x00, 0x00, 0x00, 0x00, 0x00, 0x00, 0x00,
    0x00, 0x00, 0x00, 0x00, 0x00, 0x00, 0x00, 0x00, 0x00, 0x00, 0x00, 0x00,
    0x00, 0x00, 0x00, 0x00, 0x00, 0x00, 0x00, 0x00, 0x00, 0x00, 0x00, 0x00,
    0x00, 0x00, 0x00, 0x00, 0x00, 0x00, 0x00, 0x00, 0x00, 0x00, 0x00, 0x00,
    0x00, 0x00, 0x00, 0x00, 0x00, 0x00, 0x00, 0x00, 0x00, 0x00, 0x00, 0x00,
    0x00, 0x00, 0x00, 0x00, 0x00, 0x00, 0x00, 0x00, 0x00, 0x00, 0x00, 0x00,
    0x00, 0x00, 0x00, 0x00, 0x00, 0x00, 0x00, 0x00, 0x00, 0x00, 0x00, 0x00,
    0x00, 0x00, 0x00, 0x00, 0x00, 0x00, 0x00, 0x00, 0x00, 0x00, 0x00, 0x00,
    0x00, 0x00, 0x00, 0x00, 0x00, 0x00, 0x00, 0x00, 0x00, 0x00, 0x00, 0x00,
    0x00, 0x00, 0x00, 0x00, 0x00, 0x00, 0x00, 0x00, 0x00, 0x00, 0x00, 0x00,
    0x00, 0x00, 0x00, 0x00, 0x00, 0x00, 0x00, 0x00, 0x00, 0x00, 0x00, 0x00,
    0x00, 0x00, 0x00, 0x00, 0x00, 0x00, 0x00, 0x00, 0x00, 0x00, 0x00, 0x00,
    0x00, 0x00, 0x00, 0x00, 0x00, 0x00, 0x00, 0x00, 0x00, 0x00, 0x00, 0x00,
    0x00, 0x00, 0x00, 0x00, 0x00, 0x00, 0x00, 0x00, 0x00, 0x00, 0x00, 0x00,
    0x00, 0x00, 0x00, 0x00, 0x00, 0x00, 0x00, 0x00, 0x00, 0x00, 0x00, 0x00,
    0x00, 0x00, 0x00, 0x00, 0x00, 0x00, 0x00, 0x00, 0x00, 0x00, 0x00, 0x00,
    0x00, 0x00, 0x00, 0x00, 0x00, 0x00, 0x00, 0x00, 0x00, 0x00, 0x00, 0x00,
    0x00, 0x00, 0x00, 0x00, 0x30, 0x00, 0x00, 0x00, 0x9e, 0x42, 0x28, 0x3c,
    0xf0, 0xd5, 0x6d, 0x3c, 0x56, 0x50, 0xb9, 0x3b, 0x32, 0x0b, 0x9d, 0x3c,
    0x63, 0x68, 0x10, 0x3d, 0xb4, 0x73, 0x0d, 0x3c, 0x02, 0x2b, 0xc0, 0x3b,
    0x33, 0x19, 0xbe, 0x3c, 0xdb, 0x1b, 0xe6, 0x3c, 0x7c, 0x64, 0x6c, 0x3c,
    0x35, 0x4f, 0x81, 0x3c, 0x76, 0xea, 0x48, 0x3c, 0xf3, 0xfe, 0x92, 0x3b,
    0x71, 0x21, 0x09, 0x3c, 0x54, 0x35, 0x3d, 0x3c, 0x62, 0x13, 0x99, 0x3c,
    0x35, 0x3b, 0x09, 0x3c, 0x67, 0xca, 0xa4, 0x3c, 0xa0, 0xbc, 0xc7, 0x3b,
    0x00, 0x7b, 0x82, 0x3c, 0x2f, 0x5c, 0x40, 0x3c, 0xf4, 0x0d, 0x24, 0x3d,
    0x30, 0x8a, 0xba, 0x3c, 0x57, 0x9e, 0xc9, 0x3c, 0xe4, 0x31, 0xee, 0x3c,
    0x3c, 0x40, 0xa8, 0x3b, 0xab, 0x7c, 0x11, 0x3c, 0x36, 0x6e, 0xf7, 0x3b,
    0x38, 0x3a, 0x21, 0x3c, 0x7c, 0x00, 0x0b, 0x3d, 0x53, 0xd5, 0xd5, 0x3c,
    0x7f, 0x28, 0x8f, 0x3c, 0xa2, 0x9c, 0x2b, 0x3c, 0xcf, 0x27, 0x08, 0x3c,
    0xa3, 0x33, 0xa6, 0x3b, 0x55, 0x9b, 0x71, 0x3c, 0x64, 0xeb, 0xbd, 0x3c,
    0x99, 0xe7, 0x36, 0x3c, 0x2a, 0xea, 0x98, 0x3b, 0xa2, 0xc3, 0x20, 0x3c,
    0xea, 0x80, 0x0e, 0x3c, 0x1e, 0x53, 0x91, 0x3c, 0x67, 0x51, 0x98, 0x3c,
    0xcb, 0x87, 0xc7, 0x3c, 0x4e, 0x9b, 0x54, 0x3c, 0x29, 0xed, 0xbd, 0x3c,
    0xbf, 0x01, 0xc9, 0x3c, 0x97, 0xd2, 0x00, 0x3d, 0xb7, 0x00, 0x00, 0x00,
    0x53, 0x75, 0x72, 0x76, 0x65, 0x69, 0x6c, 0x6c, 0x61, 0x6e, 0x63, 0x65,
    0x5f, 0x53, 0x45, 0x5f, 0x44, 0x53, 0x5f, 0x43, 0x4e, 0x4e, 0x5f, 0x31,
    0x2f, 0x62, 0x61, 0x74, 0x63, 0x68, 0x5f, 0x6e, 0x6f, 0x72, 0x6d, 0x61,
    0x6c, 0x69, 0x7a, 0x61, 0x74, 0x69, 0x6f, 0x6e, 0x5f, 0x33, 0x5f, 0x31,
    0x2f, 0x62, 0x61, 0x74, 0x63, 0x68, 0x6e, 0x6f, 0x72, 0x6d, 0x2f, 0x6d,
    0x75, 0x6c, 0x5f, 0x31, 0x3b, 0x53, 0x75, 0x72, 0x76, 0x65, 0x69, 0x6c,
    0x6c, 0x61, 0x6e, 0x63, 0x65, 0x5f, 0x53, 0x45, 0x5f, 0x44, 0x53, 0x5f,
    0x43, 0x4e, 0x4e, 0x5f, 0x31, 0x2f, 0x64, 0x65, 0x70, 0x74, 0x68, 0x77,
    0x69, 0x73, 0x65, 0x5f, 0x63, 0x6f, 0x6e, 0x76, 0x32, 0x64, 0x5f, 0x31,
    0x5f, 0x32, 0x2f, 0x64, 0x65, 0x70, 0x74, 0x68, 0x77, 0x69, 0x73, 0x65,
    0x3b, 0x53, 0x75, 0x72, 0x76, 0x65, 0x69, 0x6c, 0x6c, 0x61, 0x6e, 0x63,
    0x65, 0x5f, 0x53, 0x45, 0x5f, 0x44, 0x53, 0x5f, 0x43, 0x4e, 0x4e, 0x5f,
    0x31, 0x2f, 0x62, 0x61, 0x74, 0x63, 0x68, 0x5f, 0x6e, 0x6f, 0x72, 0x6d,
    0x61, 0x6c, 0x69, 0x7a, 0x61, 0x74, 0x69, 0x6f, 0x6e, 0x5f, 0x33, 0x5f,
    0x31, 0x2f, 0x62, 0x61, 0x74, 0x63, 0x68, 0x6e, 0x6f, 0x72, 0x6d, 0x2f,
    0x6d, 0x75, 0x6c, 0x00, 0x04, 0x00, 0x00, 0x00, 0x01, 0x00, 0x00, 0x00,
    0x03, 0x00, 0x00, 0x00, 0x03, 0x00, 0x00, 0x00, 0x30, 0x00, 0x00, 0x00,
    0x2a, 0xec, 0xff, 0xff, 0x00, 0x00, 0x00, 0x01, 0x14, 0x00, 0x00, 0x00,
    0x68, 0x02, 0x00, 0x00, 0x0e, 0x00, 0x00, 0x00, 0x00, 0x00, 0x00, 0x02,
    0xc0, 0x03, 0x00, 0x00, 0xa4, 0xeb, 0xff, 0xff, 0x08, 0x00, 0x00, 0x00,
    0x8c, 0x01, 0x00, 0x00, 0x30, 0x00, 0x00, 0x00, 0x00, 0x00, 0x00, 0x00,
    0x00, 0x00, 0x00, 0x00, 0x00, 0x00, 0x00, 0x00, 0x00, 0x00, 0x00, 0x00,
    0x00, 0x00, 0x00, 0x00, 0x00, 0x00, 0x00, 0x00, 0x00, 0x00, 0x00, 0x00,
    0x00, 0x00, 0x00, 0x00, 0x00, 0x00, 0x00, 0x00, 0x00, 0x00, 0x00, 0x00,
    0x00, 0x00, 0x00, 0x00, 0x00, 0x00, 0x00, 0x00, 0x00, 0x00, 0x00, 0x00,
    0x00, 0x00, 0x00, 0x00, 0x00, 0x00, 0x00, 0x00, 0x00, 0x00, 0x00, 0x00,
    0x00, 0x00, 0x00, 0x00, 0x00, 0x00, 0x00, 0x00, 0x00, 0x00, 0x00, 0x00,
    0x00, 0x00, 0x00, 0x00, 0x00, 0x00, 0x00, 0x00, 0x00, 0x00, 0x00, 0x00,
    0x00, 0x00, 0x00, 0x00, 0x00, 0x00, 0x00, 0x00, 0x00, 0x00, 0x00, 0x00,
    0x00, 0x00, 0x00, 0x00, 0x00, 0x00, 0x00, 0x00, 0x00, 0x00, 0x00, 0x00,
    0x00, 0x00, 0x00, 0x00, 0x00, 0x00, 0x00, 0x00, 0x00, 0x00, 0x00, 0x00,
    0x00, 0x00, 0x00, 0x00, 0x00, 0x00, 0x00, 0x00, 0x00, 0x00, 0x00, 0x00,
    0x00, 0x00, 0x00, 0x00, 0x00, 0x00, 0x00, 0x00, 0x00, 0x00, 0x00, 0x00,
    0x00, 0x00, 0x00, 0x00, 0x00, 0x00, 0x00, 0x00, 0x00, 0x00, 0x00, 0x00,
    0x00, 0x00, 0x00, 0x00, 0x00, 0x00, 0x00, 0x00, 0x00, 0x00, 0x00, 0x00,
    0x00, 0x00, 0x00, 0x00, 0x00, 0x00, 0x00, 0x00, 0x00, 0x00, 0x00, 0x00,
    0x00, 0x00, 0x00, 0x00, 0x00, 0x00, 0x00, 0x00, 0x00, 0x00, 0x00, 0x00,
    0x00, 0x00, 0x00, 0x00, 0x00, 0x00, 0x00, 0x00, 0x00, 0x00, 0x00, 0x00,
    0x00, 0x00, 0x00, 0x00, 0x00, 0x00, 0x00, 0x00, 0x00, 0x00, 0x00, 0x00,
    0x00, 0x00, 0x00, 0x00, 0x00, 0x00, 0x00, 0x00, 0x00, 0x00, 0x00, 0x00,
    0x00, 0x00, 0x00, 0x00, 0x00, 0x00, 0x00, 0x00, 0x00, 0x00, 0x00, 0x00,
    0x00, 0x00, 0x00, 0x00, 0x00, 0x00, 0x00, 0x00, 0x00, 0x00, 0x00, 0x00,
    0x00, 0x00, 0x00, 0x00, 0x00, 0x00, 0x00, 0x00, 0x00, 0x00, 0x00, 0x00,
    0x00, 0x00, 0x00, 0x00, 0x00, 0x00, 0x00, 0x00, 0x00, 0x00, 0x00, 0x00,
    0x00, 0x00, 0x00, 0x00, 0x00, 0x00, 0x00, 0x00, 0x00, 0x00, 0x00, 0x00,
    0x00, 0x00, 0x00, 0x00, 0x00, 0x00, 0x00, 0x00, 0x00, 0x00, 0x00, 0x00,
    0x00, 0x00, 0x00, 0x00, 0x00, 0x00, 0x00, 0x00, 0x00, 0x00, 0x00, 0x00,
    0x00, 0x00, 0x00, 0x00, 0x00, 0x00, 0x00, 0x00, 0x00, 0x00, 0x00, 0x00,
    0x00, 0x00, 0x00, 0x00, 0x00, 0x00, 0x00, 0x00, 0x00, 0x00, 0x00, 0x00,
    0x00, 0x00, 0x00, 0x00, 0x00, 0x00, 0x00, 0x00, 0x00, 0x00, 0x00, 0x00,
    0x00, 0x00, 0x00, 0x00, 0x00, 0x00, 0x00, 0x00, 0x00, 0x00, 0x00, 0x00,
    0x00, 0x00, 0x00, 0x00, 0x00, 0x00, 0x00, 0x00, 0x00, 0x00, 0x00, 0x00,
    0x00, 0x00, 0x00, 0x00, 0x00, 0x00, 0x00, 0x00, 0x00, 0x00, 0x00, 0x00,
    0x30, 0x00, 0x00, 0x00, 0x8c, 0x3d, 0x93, 0x39, 0xcd, 0x1f, 0xd0, 0x39,
    0xe2, 0x29, 0x22, 0x39, 0xd6, 0x6c, 0x09, 0x3a, 0x45, 0xbc, 0x7c, 0x3a,
    0xf5, 0x8f, 0x77, 0x39, 0x5a, 0x29, 0x28, 0x39, 0xbb, 0x59, 0x26, 0x3a,
    0xd4, 0x5c, 0x49, 0x3a, 0x80, 0xdc, 0xce, 0x39, 0x9f, 0x4f, 0xe2, 0x39,
    0x0b, 0xd1, 0xaf, 0x39, 0xed, 0xa1, 0x00, 0x39, 0xd5, 0xff, 0x6f, 0x39,
    0x53, 0x92, 0xa5, 0x39, 0xed, 0xf3, 0x05, 0x3a, 0xed, 0x2c, 0x70, 0x39,
    0x4b, 0x34, 0x10, 0x3a, 0xea, 0xc8, 0x2e, 0x39, 0x4e, 0x5c, 0xe4, 0x39,
    0x63, 0x54, 0xa8, 0x39, 0x63, 0x8f, 0x8f, 0x3a, 0x87, 0x3c, 0x23, 0x3a,
    0x74, 0x6e, 0x30, 0x3a, 0x44, 0x70, 0x50, 0x3a, 0x77, 0x3b, 0x13, 0x39,
    0xce, 0x9f, 0x7e, 0x39, 0x3a, 0x85, 0x58, 0x39, 0x10, 0x16, 0x8d, 0x39,
    0x3b, 0x46, 0x73, 0x3a, 0xcd, 0x1e, 0x3b, 0x3a, 0x6a, 0x8c, 0xfa, 0x39,
    0x60, 0x2c, 0x96, 0x39, 0xf0, 0x4a, 0x6e, 0x39, 0x66, 0x70, 0x11, 0x39,
    0x98, 0x6c, 0xd3, 0x39, 0xa5, 0x31, 0x26, 0x3a, 0x31, 0x0e, 0xa0, 0x39,
    0xdb, 0xcf, 0x05, 0x39, 0x4b, 0xae, 0x8c, 0x39, 0x1e, 0x67, 0x79, 0x39,
    0x15, 0x57, 0xfe, 0x39, 0x2d, 0x4a, 0x05, 0x3a, 0xaf, 0x9a, 0x2e, 0x3a,
    0x02, 0x0c, 0xba, 0x39, 0x31, 0x33, 0x26, 0x3a, 0x6c, 0xe5, 0x2f, 0x3a,
    0x85, 0x75, 0x61, 0x3a, 0x5f, 0x01, 0x00, 0x00, 0x53, 0x75, 0x72, 0x76,
    0x65, 0x69, 0x6c, 0x6c, 0x61, 0x6e, 0x63, 0x65, 0x5f, 0x53, 0x45, 0x5f,
    0x44, 0x53, 0x5f, 0x43, 0x4e, 0x4e, 0x5f, 0x31, 0x2f, 0x72, 0x65, 0x5f,
    0x6c, 0x75, 0x5f, 0x33, 0x5f, 0x31, 0x2f, 0x52, 0x65, 0x6c, 0x75, 0x3b,
    0x53, 0x75, 0x72, 0x76, 0x65, 0x69, 0x6c, 0x6c, 0x61, 0x6e, 0x63, 0x65,
    0x5f, 0x53, 0x45, 0x5f, 0x44, 0x53, 0x5f, 0x43, 0x4e, 0x4e, 0x5f, 0x31,
    0x2f, 0x62, 0x61, 0x74, 0x63, 0x68, 0x5f, 0x6e, 0x6f, 0x72, 0x6d, 0x61,
    0x6c, 0x69, 0x7a, 0x61, 0x74, 0x69, 0x6f, 0x6e, 0x5f, 0x33, 0x5f, 0x31,
    0x2f, 0x62, 0x61, 0x74, 0x63, 0x68, 0x6e, 0x6f, 0x72, 0x6d, 0x2f, 0x61,
    0x64, 0x64, 0x5f, 0x31, 0x3b, 0x53, 0x75, 0x72, 0x76, 0x65, 0x69, 0x6c,
    0x6c, 0x61, 0x6e, 0x63, 0x65, 0x5f, 0x53, 0x45, 0x5f, 0x44, 0x53, 0x5f,
    0x43, 0x4e, 0x4e, 0x5f, 0x31, 0x2f, 0x62, 0x61, 0x74, 0x63, 0x68, 0x5f,
    0x6e, 0x6f, 0x72, 0x6d, 0x61, 0x6c, 0x69, 0x7a, 0x61, 0x74, 0x69, 0x6f,
    0x6e, 0x5f, 0x33, 0x5f, 0x31, 0x2f, 0x62, 0x61, 0x74, 0x63, 0x68, 0x6e,
    0x6f, 0x72, 0x6d, 0x2f, 0x6d, 0x75, 0x6c, 0x5f, 0x31, 0x3b, 0x53, 0x75,
    0x72, 0x76, 0x65, 0x69, 0x6c, 0x6c, 0x61, 0x6e, 0x63, 0x65, 0x5f, 0x53,
    0x45, 0x5f, 0x44, 0x53, 0x5f, 0x43, 0x4e, 0x4e, 0x5f, 0x31, 0x2f, 0x64,
    0x65, 0x70, 0x74, 0x68, 0x77, 0x69, 0x73, 0x65, 0x5f, 0x63, 0x6f, 0x6e,
    0x76, 0x32, 0x64, 0x5f, 0x31, 0x5f, 0x32, 0x2f, 0x64, 0x65, 0x70, 0x74,
    0x68, 0x77, 0x69, 0x73, 0x65, 0x3b, 0x53, 0x75, 0x72, 0x76, 0x65, 0x69,
    0x6c, 0x6c, 0x61, 0x6e, 0x63, 0x65, 0x5f, 0x53, 0x45, 0x5f, 0x44, 0x53,
    0x5f, 0x43, 0x4e, 0x4e, 0x5f, 0x31, 0x2f, 0x62, 0x61, 0x74, 0x63, 0x68,
    0x5f, 0x6e, 0x6f, 0x72, 0x6d, 0x61, 0x6c, 0x69, 0x7a, 0x61, 0x74, 0x69,
    0x6f, 0x6e, 0x5f, 0x33, 0x5f, 0x31, 0x2f, 0x62, 0x61, 0x74, 0x63, 0x68,
    0x6e, 0x6f, 0x72, 0x6d, 0x2f, 0x6d, 0x75, 0x6c, 0x3b, 0x53, 0x75, 0x72,
    0x76, 0x65, 0x69, 0x6c, 0x6c, 0x61, 0x6e, 0x63, 0x65, 0x5f, 0x53, 0x45,
    0x5f, 0x44, 0x53, 0x5f, 0x43, 0x4e, 0x4e, 0x5f, 0x31, 0x2f, 0x62, 0x61,
    0x74, 0x63, 0x68, 0x5f, 0x6e, 0x6f, 0x72, 0x6d, 0x61, 0x6c, 0x69, 0x7a,
    0x61, 0x74, 0x69, 0x6f, 0x6e, 0x5f, 0x33, 0x5f, 0x31, 0x2f, 0x62, 0x61,
    0x74, 0x63, 0x68, 0x6e, 0x6f, 0x72, 0x6d, 0x2f, 0x73, 0x75, 0x62, 0x00,
    0x01, 0x00, 0x00, 0x00, 0x30, 0x00, 0x00, 0x00, 0x0a, 0xf0, 0xff, 0xff,
    0x00, 0x00, 0x00, 0x01, 0x14, 0x00, 0x00, 0x00, 0x24, 0x03, 0x00, 0x00,
    0x0d, 0x00, 0x00, 0x00, 0x00, 0x00, 0x00, 0x09, 0x4c, 0x03, 0x00, 0x00,
    0x84, 0xef, 0xff, 0xff, 0x08, 0x00, 0x00, 0x00, 0x08, 0x02, 0x00, 0x00,
    0x40, 0x00, 0x00, 0x00, 0x00, 0x00, 0x00, 0x00, 0x00, 0x00, 0x00, 0x00,
    0x00, 0x00, 0x00, 0x00, 0x00, 0x00, 0x00, 0x00, 0x00, 0x00, 0x00, 0x00,
    0x00, 0x00, 0x00, 0x00, 0x00, 0x00, 0x00, 0x00, 0x00, 0x00, 0x00, 0x00,
    0x00, 0x00, 0x00, 0x00, 0x00, 0x00, 0x00, 0x00, 0x00, 0x00, 0x00, 0x00,
    0x00, 0x00, 0x00, 0x00, 0x00, 0x00, 0x00, 0x00, 0x00, 0x00, 0x00, 0x00,
    0x00, 0x00, 0x00, 0x00, 0x00, 0x00, 0x00, 0x00, 0x00, 0x00, 0x00, 0x00,
    0x00, 0x00, 0x00, 0x00, 0x00, 0x00, 0x00, 0x00, 0x00, 0x00, 0x00, 0x00,
    0x00, 0x00, 0x00, 0x00, 0x00, 0x00, 0x00, 0x00, 0x00, 0x00, 0x00, 0x00,
    0x00, 0x00, 0x00, 0x00, 0x00, 0x00, 0x00, 0x00, 0x00, 0x00, 0x00, 0x00,
    0x00, 0x00, 0x00, 0x00, 0x00, 0x00, 0x00, 0x00, 0x00, 0x00, 0x00, 0x00,
    0x00, 0x00, 0x00, 0x00, 0x00, 0x00, 0x00, 0x00, 0x00, 0x00, 0x00, 0x00,
    0x00, 0x00, 0x00, 0x00, 0x00, 0x00, 0x00, 0x00, 0x00, 0x00, 0x00, 0x00,
    0x00, 0x00, 0x00, 0x00, 0x00, 0x00, 0x00, 0x00, 0x00, 0x00, 0x00, 0x00,
    0x00, 0x00, 0x00, 0x00, 0x00, 0x00, 0x00, 0x00, 0x00, 0x00, 0x00, 0x00,
    0x00, 0x00, 0x00, 0x00, 0x00, 0x00, 0x00, 0x00, 0x00, 0x00, 0x00, 0x00,
    0x00, 0x00, 0x00, 0x00, 0x00, 0x00, 0x00, 0x00, 0x00, 0x00, 0x00, 0x00,
    0x00, 0x00, 0x00, 0x00, 0x00, 0x00, 0x00, 0x00, 0x00, 0x00, 0x00, 0x00,
    0x00, 0x00, 0x00, 0x00, 0x00, 0x00, 0x00, 0x00, 0x00, 0x00, 0x00, 0x00,
    0x00, 0x00, 0x00, 0x00, 0x00, 0x00, 0x00, 0x00, 0x00, 0x00, 0x00, 0x00,
    0x00, 0x00, 0x00, 0x00, 0x00, 0x00, 0x00, 0x00, 0x00, 0x00, 0x00, 0x00,
    0x00, 0x00, 0x00, 0x00, 0x00, 0x00, 0x00, 0x00, 0x00, 0x00, 0x00, 0x00,
    0x00, 0x00, 0x00, 0x00, 0x00, 0x00, 0x00, 0x00, 0x00, 0x00, 0x00, 0x00,
    0x00, 0x00, 0x00, 0x00, 0x00, 0x00, 0x00, 0x00, 0x00, 0x00, 0x00, 0x00,
    0x00, 0x00, 0x00, 0x00, 0x00, 0x00, 0x00, 0x00, 0x00, 0x00, 0x00, 0x00,
    0x00, 0x00, 0x00, 0x00, 0x00, 0x00, 0x00, 0x00, 0x00, 0x00, 0x00, 0x00,
    0x00, 0x00, 0x00, 0x00, 0x00, 0x00, 0x00, 0x00, 0x00, 0x00, 0x00, 0x00,
    0x00, 0x00, 0x00, 0x00, 0x00, 0x00, 0x00, 0x00, 0x00, 0x00, 0x00, 0x00,
    0x00, 0x00, 0x00, 0x00, 0x00, 0x00, 0x00, 0x00, 0x00, 0x00, 0x00, 0x00,
    0x00, 0x00, 0x00, 0x00, 0x00, 0x00, 0x00, 0x00, 0x00, 0x00, 0x00, 0x00,
    0x00, 0x00, 0x00, 0x00, 0x00, 0x00, 0x00, 0x00, 0x00, 0x00, 0x00, 0x00,
    0x00, 0x00, 0x00, 0x00, 0x00, 0x00, 0x00, 0x00, 0x00, 0x00, 0x00, 0x00,
    0x00, 0x00, 0x00, 0x00, 0x00, 0x00, 0x00, 0x00, 0x00, 0x00, 0x00, 0x00,
    0x00, 0x00, 0x00, 0x00, 0x00, 0x00, 0x00, 0x00, 0x00, 0x00, 0x00, 0x00,
    0x00, 0x00, 0x00, 0x00, 0x00, 0x00, 0x00, 0x00, 0x00, 0x00, 0x00, 0x00,
    0x00, 0x00, 0x00, 0x00, 0x00, 0x00, 0x00, 0x00, 0x00, 0x00, 0x00, 0x00,
    0x00, 0x00, 0x00, 0x00, 0x00, 0x00, 0x00, 0x00, 0x00, 0x00, 0x00, 0x00,
    0x00, 0x00, 0x00, 0x00, 0x00, 0x00, 0x00, 0x00, 0x00, 0x00, 0x00, 0x00,
    0x00, 0x00, 0x00, 0x00, 0x00, 0x00, 0x00, 0x00, 0x00, 0x00, 0x00, 0x00,
    0x00, 0x00, 0x00, 0x00, 0x00, 0x00, 0x00, 0x00, 0x00, 0x00, 0x00, 0x00,
    0x00, 0x00, 0x00, 0x00, 0x00, 0x00, 0x00, 0x00, 0x00, 0x00, 0x00, 0x00,
    0x00, 0x00, 0x00, 0x00, 0x00, 0x00, 0x00, 0x00, 0x00, 0x00, 0x00, 0x00,
    0x00, 0x00, 0x00, 0x00, 0x00, 0x00, 0x00, 0x00, 0x00, 0x00, 0x00, 0x00,
    0x00, 0x00, 0x00, 0x00, 0x00, 0x00, 0x00, 0x00, 0x00, 0x00, 0x00, 0x00,
    0x40, 0x00, 0x00, 0x00, 0x4f, 0x68, 0x4c, 0x3c, 0x7b, 0xa5, 0x25, 0x3c,
    0xab, 0x31, 0x28, 0x3c, 0x75, 0xa6, 0x36, 0x3c, 0xa9, 0x23, 0xa8, 0x3c,
    0x99, 0x30, 0x06, 0x3c, 0xe5, 0xa4, 0x2f, 0x3c, 0x63, 0x41, 0x1d, 0x3c,
    0x2c, 0xa2, 0x19, 0x3c, 0x24, 0xe7, 0x03, 0x3c, 0x16, 0x67, 0x55, 0x3c,
    0xbb, 0x3d, 0x3c, 0x3c, 0xdd, 0x6b, 0x45, 0x3c, 0x9e, 0x91, 0x36, 0x3c,
    0x0a, 0x84, 0x2c, 0x3c, 0x8d, 0xd6, 0x1d, 0x3c, 0x86, 0x75, 0x3c, 0x3c,
    0x64, 0xd5, 0x17, 0x3c, 0xb7, 0x58, 0x1e, 0x3c, 0xf8, 0x21, 0x2a, 0x3c,
    0x9e, 0xbd, 0xf8, 0x3b, 0x19, 0x07, 0x49, 0x3c, 0x8e, 0x09, 0x45, 0x3c,
    0x5a, 0xb0, 0x1f, 0x3c, 0x21, 0xc2, 0x34, 0x3c, 0x6f, 0xe2, 0x0d, 0x3c,
    0xfb, 0x73, 0x24, 0x3c, 0xc4, 0x7c, 0x61, 0x3c, 0x6b, 0x97, 0x1b, 0x3c,
    0x4d, 0x7c, 0x4d, 0x3c, 0xb8, 0xfb, 0x2d, 0x3c, 0x03, 0x10, 0x12, 0x3c,
    0xf4, 0x55, 0x39, 0x3c, 0x27, 0xf1, 0x34, 0x3c, 0x54, 0x6f, 0x2f, 0x3c,
    0xcd, 0xe3, 0x63, 0x3c, 0xdd, 0x05, 0x1a, 0x3c, 0x78, 0x7a, 0x20, 0x3c,
    0x8b, 0x27, 0x7a, 0x3c, 0xd5, 0xc2, 0x37, 0x3c, 0xf7, 0x26, 0x42, 0x3c,
    0xda, 0x6f, 0x6c, 0x3c, 0x5d, 0xa2, 0x13, 0x3c, 0xe4, 0x5a, 0x82, 0x3c,
    0x62, 0x59, 0x05, 0x3c, 0x1b, 0x4d, 0xfc, 0x3b, 0x46, 0xe7, 0xfb, 0x3b,
    0xf2, 0x3c, 0x35, 0x3c, 0xc2, 0x6b, 0x01, 0x3c, 0x34, 0xd1, 0x1a, 0x3c,
    0x1b, 0x2e, 0x4e, 0x3c, 0xed, 0xf4, 0x4d, 0x3c, 0xe7, 0xbb, 0x2f, 0x3c,
    0xe4, 0xe8, 0x1d, 0x3c, 0xa3, 0x00, 0x39, 0x3c, 0x79, 0xe5, 0x2f, 0x3c,
    0x34, 0x88, 0x21, 0x3c, 0x0f, 0xb3, 0x06, 0x3c, 0x0d, 0xf5, 0x18, 0x3c,
    0x6c, 0xf6, 0x36, 0x3c, 0xda, 0xb6, 0x29, 0x3c, 0xbd, 0x92, 0x54, 0x3c,
    0xd7, 0x34, 0xf9, 0x3b, 0x3d, 0x6d, 0x3c, 0x3c, 0x2f, 0x00, 0x00, 0x00,
    0x53, 0x75, 0x72, 0x76, 0x65, 0x69, 0x6c, 0x6c, 0x61, 0x6e, 0x63, 0x65,
    0x5f, 0x53, 0x45, 0x5f, 0x44, 0x53, 0x5f, 0x43, 0x4e, 0x4e, 0x5f, 0x31,
    0x2f, 0x63, 0x6f, 0x6e, 0x76, 0x32, 0x64, 0x5f, 0x32, 0x5f, 0x31, 0x2f,
    0x63, 0x6f, 0x6e, 0x76, 0x6f, 0x6c, 0x75, 0x74, 0x69, 0x6f, 0x6e, 0x00,
    0x04, 0x00, 0x00, 0x00, 0x40, 0x00, 0x00, 0x00, 0x01, 0x00, 0x00, 0x00,
    0x01, 0x00, 0x00, 0x00, 0x30, 0x00, 0x00, 0x00, 0x82, 0xf3, 0xff, 0xff,
    0x00, 0x00, 0x00, 0x01, 0x14, 0x00, 0x00, 0x00, 0x28, 0x03, 0x00, 0x00,
    0x0c, 0x00, 0x00, 0x00, 0x00, 0x00, 0x00, 0x02, 0xf8, 0x03, 0x00, 0x00,
    0xfc, 0xf2, 0xff, 0xff, 0x08, 0x00, 0x00, 0x00, 0x0c, 0x02, 0x00, 0x00,
    0x40, 0x00, 0x00, 0x00, 0x00, 0x00, 0x00, 0x00, 0x00, 0x00, 0x00, 0x00,
    0x00, 0x00, 0x00, 0x00, 0x00, 0x00, 0x00, 0x00, 0x00, 0x00, 0x00, 0x00,
    0x00, 0x00, 0x00, 0x00, 0x00, 0x00, 0x00, 0x00, 0x00, 0x00, 0x00, 0x00,
    0x00, 0x00, 0x00, 0x00, 0x00, 0x00, 0x00, 0x00, 0x00, 0x00, 0x00, 0x00,
    0x00, 0x00, 0x00, 0x00, 0x00, 0x00, 0x00, 0x00, 0x00, 0x00, 0x00, 0x00,
    0x00, 0x00, 0x00, 0x00, 0x00, 0x00, 0x00, 0x00, 0x00, 0x00, 0x00, 0x00,
    0x00, 0x00, 0x00, 0x00, 0x00, 0x00, 0x00, 0x00, 0x00, 0x00, 0x00, 0x00,
    0x00, 0x00, 0x00, 0x00, 0x00, 0x00, 0x00, 0x00, 0x00, 0x00, 0x00, 0x00,
    0x00, 0x00, 0x00, 0x00, 0x00, 0x00, 0x00, 0x00, 0x00, 0x00, 0x00, 0x00,
    0x00, 0x00, 0x00, 0x00, 0x00, 0x00, 0x00, 0x00, 0x00, 0x00, 0x00, 0x00,
    0x00, 0x00, 0x00, 0x00, 0x00, 0x00, 0x00, 0x00, 0x00, 0x00, 0x00, 0x00,
    0x00, 0x00, 0x00, 0x00, 0x00, 0x00, 0x00, 0x00, 0x00, 0x00, 0x00, 0x00,
    0x00, 0x00, 0x00, 0x00, 0x00, 0x00, 0x00, 0x00, 0x00, 0x00, 0x00, 0x00,
    0x00, 0x00, 0x00, 0x00, 0x00, 0x00, 0x00, 0x00, 0x00, 0x00, 0x00, 0x00,
    0x00, 0x00, 0x00, 0x00, 0x00, 0x00, 0x00, 0x00, 0x00, 0x00, 0x00, 0x00,
    0x00, 0x00, 0x00, 0x00, 0x00, 0x00, 0x00, 0x00, 0x00, 0x00, 0x00, 0x00,
    0x00, 0x00, 0x00, 0x00, 0x00, 0x00, 0x00, 0x00, 0x00, 0x00, 0x00, 0x00,
    0x00, 0x00, 0x00, 0x00, 0x00, 0x00, 0x00, 0x00, 0x00, 0x00, 0x00, 0x00,
    0x00, 0x00, 0x00, 0x00, 0x00, 0x00, 0x00, 0x00, 0x00, 0x00, 0x00, 0x00,
    0x00, 0x00, 0x00, 0x00, 0x00, 0x00, 0x00, 0x00, 0x00, 0x00, 0x00, 0x00,
    0x00, 0x00, 0x00, 0x00, 0x00, 0x00, 0x00, 0x00, 0x00, 0x00, 0x00, 0x00,
    0x00, 0x00, 0x00, 0x00, 0x00, 0x00, 0x00, 0x00, 0x00, 0x00, 0x00, 0x00,
    0x00, 0x00, 0x00, 0x00, 0x00, 0x00, 0x00, 0x00, 0x00, 0x00, 0x00, 0x00,
    0x00, 0x00, 0x00, 0x00, 0x00, 0x00, 0x00, 0x00, 0x00, 0x00, 0x00, 0x00,
    0x00, 0x00, 0x00, 0x00, 0x00, 0x00, 0x00, 0x00, 0x00, 0x00, 0x00, 0x00,
    0x00, 0x00, 0x00, 0x00, 0x00, 0x00, 0x00, 0x00, 0x00, 0x00, 0x00, 0x00,
    0x00, 0x00, 0x00, 0x00, 0x00, 0x00, 0x00, 0x00, 0x00, 0x00, 0x00, 0x00,
    0x00, 0x00, 0x00, 0x00, 0x00, 0x00, 0x00, 0x00, 0x00, 0x00, 0x00, 0x00,
    0x00, 0x00, 0x00, 0x00, 0x00, 0x00, 0x00, 0x00, 0x00, 0x00, 0x00, 0x00,
    0x00, 0x00, 0x00, 0x00, 0x00, 0x00, 0x00, 0x00, 0x00, 0x00, 0x00, 0x00,
    0x00, 0x00, 0x00, 0x00, 0x00, 0x00, 0x00, 0x00, 0x00, 0x00, 0x00, 0x00,
    0x00, 0x00, 0x00, 0x00, 0x00, 0x00, 0x00, 0x00, 0x00, 0x00, 0x00, 0x00,
    0x00, 0x00, 0x00, 0x00, 0x00, 0x00, 0x00, 0x00, 0x00, 0x00, 0x00, 0x00,
    0x00, 0x00, 0x00, 0x00, 0x00, 0x00, 0x00, 0x00, 0x00, 0x00, 0x00, 0x00,
    0x00, 0x00, 0x00, 0x00, 0x00, 0x00, 0x00, 0x00, 0x00, 0x00, 0x00, 0x00,
    0x00, 0x00, 0x00, 0x00, 0x00, 0x00, 0x00, 0x00, 0x00, 0x00, 0x00, 0x00,
    0x00, 0x00, 0x00, 0x00, 0x00, 0x00, 0x00, 0x00, 0x00, 0x00, 0x00, 0x00,
    0x00, 0x00, 0x00, 0x00, 0x00, 0x00, 0x00, 0x00, 0x00, 0x00, 0x00, 0x00,
    0x00, 0x00, 0x00, 0x00, 0x00, 0x00, 0x00, 0x00, 0x00, 0x00, 0x00, 0x00,
    0x00, 0x00, 0x00, 0x00, 0x00, 0x00, 0x00, 0x00, 0x00, 0x00, 0x00, 0x00,
    0x00, 0x00, 0x00, 0x00, 0x00, 0x00, 0x00, 0x00, 0x00, 0x00, 0x00, 0x00,
    0x00, 0x00, 0x00, 0x00, 0x00, 0x00, 0x00, 0x00, 0x00, 0x00, 0x00, 0x00,
    0x00, 0x00, 0x00, 0x00, 0x00, 0x00, 0x00, 0x00, 0x00, 0x00, 0x00, 0x00,
    0x00, 0x00, 0x00, 0x00, 0x40, 0x00, 0x00, 0x00, 0xfb, 0x52, 0x0b, 0x3a,
    0x29, 0xcf, 0xe1, 0x39, 0x39, 0x48, 0xe5, 0x39, 0x23, 0xfd, 0xf8, 0x39,
    0x20, 0x35, 0x65, 0x3a, 0x78, 0xed, 0xb6, 0x39, 0x27, 0x70, 0xef, 0x39,
    0xe1, 0x5e, 0xd6, 0x39, 0xe6, 0x6e, 0xd1, 0x39, 0x5f, 0xcf, 0xb3, 0x39,
    0x8e, 0x74, 0x11, 0x3a, 0x20, 0x4e, 0x00, 0x3a, 0xfa, 0x8f, 0x06, 0x3a,
    0xbb, 0xe0, 0xf8, 0x39, 0x6d, 0x2c, 0xeb, 0x39, 0x38, 0x2a, 0xd7, 0x39,
    0x27, 0x74, 0x00, 0x3a, 0xc3, 0xfa, 0xce, 0x39, 0xa8, 0xdb, 0xd7, 0x39,
    0xc7, 0xec, 0xe7, 0x39, 0xab, 0x8a, 0xa9, 0x39, 0x41, 0x05, 0x09, 0x3a,
    0xf8, 0x4c, 0x06, 0x3a, 0x1a, 0xb0, 0xd9, 0x39, 0xe7, 0x68, 0xf6, 0x39,
    0xc0, 0x6a, 0xc1, 0x39, 0xb4, 0x2e, 0xe0, 0x39, 0x35, 0xb1, 0x19, 0x3a,
    0x32, 0x1a, 0xd4, 0x39, 0x19, 0x0f, 0x0c, 0x3a, 0x8e, 0x2c, 0xed, 0x39,
    0xcc, 0x1c, 0xc7, 0x39, 0x55, 0xa6, 0xfc, 0x39, 0x01, 0xa9, 0xf6, 0x39,
    0x22, 0x27, 0xef, 0x39, 0x6a, 0x54, 0x1b, 0x3a, 0xcc, 0xf6, 0xd1, 0x39,
    0xa1, 0xc3, 0xda, 0x39, 0x5c, 0x81, 0x2a, 0x3a, 0xcc, 0x80, 0xfa, 0x39,
    0x8c, 0x55, 0x04, 0x3a, 0xca, 0x27, 0x21, 0x3a, 0x48, 0x41, 0xc9, 0x39,
    0x34, 0xb3, 0x31, 0x3a, 0x16, 0xc8, 0xb5, 0x39, 0xf1, 0xf7, 0xab, 0x39,
    0x88, 0xb2, 0xab, 0x39, 0x53, 0x10, 0xf7, 0x39, 0x38, 0x6d, 0xb0, 0x39,
    0xfd, 0x0b, 0xd3, 0x39, 0x4a, 0x88, 0x0c, 0x3a, 0x50, 0x61, 0x0c, 0x3a,
    0x84, 0x8f, 0xef, 0x39, 0x38, 0x43, 0xd7, 0x39, 0x07, 0x32, 0xfc, 0x39,
    0x30, 0xc8, 0xef, 0x39, 0x55, 0x33, 0xdc, 0x39, 0x50, 0x9f, 0xb7, 0x39,
    0xe6, 0x82, 0xd0, 0x39, 0x25, 0x6a, 0xf9, 0x39, 0xc2, 0x5a, 0xe7, 0x39,
    0xd1, 0xe3, 0x10, 0x3a, 0xef, 0xdb, 0xa9, 0x39, 0x82, 0x6e, 0x00, 0x3a,
    0xd7, 0x00, 0x00, 0x00, 0x53, 0x75, 0x72, 0x76, 0x65, 0x69, 0x6c, 0x6c,
    0x61, 0x6e, 0x63, 0x65, 0x5f, 0x53, 0x45, 0x5f, 0x44, 0x53, 0x5f, 0x43,
    0x4e, 0x4e, 0x5f, 0x31, 0x2f, 0x72, 0x65, 0x5f, 0x6c, 0x75, 0x5f, 0x34,
    0x5f, 0x31, 0x2f, 0x52, 0x65, 0x6c, 0x75, 0x3b, 0x53, 0x75, 0x72, 0x76,
    0x65, 0x69, 0x6c, 0x6c, 0x61, 0x6e, 0x63, 0x65, 0x5f, 0x53, 0x45, 0x5f,
    0x44, 0x53, 0x5f, 0x43, 0x4e, 0x4e, 0x5f, 0x31, 0x2f, 0x62, 0x61, 0x74,
    0x63, 0x68, 0x5f, 0x6e, 0x6f, 0x72, 0x6d, 0x61, 0x6c, 0x69, 0x7a, 0x61,
    0x74, 0x69, 0x6f, 0x6e, 0x5f, 0x34, 0x5f, 0x31, 0x2f, 0x62, 0x61, 0x74,
    0x63, 0x68, 0x6e, 0x6f, 0x72, 0x6d, 0x2f, 0x61, 0x64, 0x64, 0x5f, 0x31,
    0x3b, 0x53, 0x75, 0x72, 0x76, 0x65, 0x69, 0x6c, 0x6c, 0x61, 0x6e, 0x63,
    0x65, 0x5f, 0x53, 0x45, 0x5f, 0x44, 0x53, 0x5f, 0x43, 0x4e, 0x4e, 0x5f,
    0x31, 0x2f, 0x63, 0x6f, 0x6e, 0x76, 0x32, 0x64, 0x5f, 0x32, 0x5f, 0x31,
    0x2f, 0x63, 0x6f, 0x6e, 0x76, 0x6f, 0x6c, 0x75, 0x74, 0x69, 0x6f, 0x6e,
    0x3b, 0x53, 0x75, 0x72, 0x76, 0x65, 0x69, 0x6c, 0x6c, 0x61, 0x6e, 0x63,
    0x65, 0x5f, 0x53, 0x45, 0x5f, 0x44, 0x53, 0x5f, 0x43, 0x4e, 0x4e, 0x5f,
    0x31, 0x2f, 0x62, 0x61, 0x74, 0x63, 0x68, 0x5f, 0x6e, 0x6f, 0x72, 0x6d,
    0x61, 0x6c, 0x69, 0x7a, 0x61, 0x74, 0x69, 0x6f, 0x6e, 0x5f, 0x34, 0x5f,
    0x31, 0x2f, 0x62, 0x61, 0x74, 0x63, 0x68, 0x6e, 0x6f, 0x72, 0x6d, 0x2f,
    0x73, 0x75, 0x62, 0x00, 0x01, 0x00, 0x00, 0x00, 0x40, 0x00, 0x00, 0x00,
    0x9a, 0xf7, 0xff, 0xff, 0x00, 0x00, 0x00, 0x01, 0x14, 0x00, 0x00, 0x00,
    0x88, 0x00, 0x00, 0x00, 0x0b, 0x00, 0x00, 0x00, 0x00, 0x00, 0x00, 0x09,
    0xac, 0x00, 0x00, 0x00, 0x14, 0xf7, 0xff, 0xff, 0x08, 0x00, 0x00, 0x00,
    0x4c, 0x00, 0x00, 0x00, 0x08, 0x00, 0x00, 0x00, 0x00, 0x00, 0x00, 0x00,
    0x00, 0x00, 0x00, 0x00, 0x00, 0x00, 0x00, 0x00, 0x00, 0x00, 0x00, 0x00,
    0x00, 0x00, 0x00, 0x00, 0x00, 0x00, 0x00, 0x00, 0x00, 0x00, 0x00, 0x00,
    0x00, 0x00, 0x00, 0x00, 0x00, 0x00, 0x00, 0x00, 0x00, 0x00, 0x00, 0x00,
    0x00, 0x00, 0x00, 0x00, 0x00, 0x00, 0x00, 0x00, 0x00, 0x00, 0x00, 0x00,
    0x00, 0x00, 0x00, 0x00, 0x00, 0x00, 0x00, 0x00, 0x00, 0x00, 0x00, 0x00,
    0x00, 0x00, 0x00, 0x00, 0x08, 0x00, 0x00, 0x00, 0x44, 0xc3, 0x92, 0x3b,
    0x5e, 0x05, 0xb2, 0x3b, 0x3f, 0xe0, 0x0b, 0x3c, 0x4e, 0xab, 0x26, 0x3b,
    0xba, 0x5e, 0xd9, 0x3b, 0x30, 0xff, 0xd4, 0x3b, 0xfa, 0x74, 0xdd, 0x3b,
    0xa6, 0x7c, 0xbd, 0x3b, 0x29, 0x00, 0x00, 0x00, 0x53, 0x75, 0x72, 0x76,
    0x65, 0x69, 0x6c, 0x6c, 0x61, 0x6e, 0x63, 0x65, 0x5f, 0x53, 0x45, 0x5f,
    0x44, 0x53, 0x5f, 0x43, 0x4e, 0x4e, 0x5f, 0x31, 0x2f, 0x64, 0x65, 0x6e,
    0x73, 0x65, 0x5f, 0x32, 0x5f, 0x31, 0x2f, 0x4d, 0x61, 0x74, 0x4d, 0x75,
    0x6c, 0x00, 0x00, 0x00, 0x02, 0x00, 0x00, 0x00, 0x08, 0x00, 0x00, 0x00,
    0x40, 0x00, 0x00, 0x00, 0x6a, 0xf8, 0xff, 0xff, 0x00, 0x00, 0x00, 0x01,
    0x14, 0x00, 0x00, 0x00, 0x28, 0x03, 0x00, 0x00, 0x0a, 0x00, 0x00, 0x00,
    0x00, 0x00, 0x00, 0x09, 0x4c, 0x03, 0x00, 0x00, 0xe4, 0xf7, 0xff, 0xff,
    0x08, 0x00, 0x00, 0x00, 0x0c, 0x02, 0x00, 0x00, 0x40, 0x00, 0x00, 0x00,
    0x00, 0x00, 0x00, 0x00, 0x00, 0x00, 0x00, 0x00, 0x00, 0x00, 0x00, 0x00,
    0x00, 0x00, 0x00, 0x00, 0x00, 0x00, 0x00, 0x00, 0x00, 0x00, 0x00, 0x00,
    0x00, 0x00, 0x00, 0x00, 0x00, 0x00, 0x00, 0x00, 0x00, 0x00, 0x00, 0x00,
    0x00, 0x00, 0x00, 0x00, 0x00, 0x00, 0x00, 0x00, 0x00, 0x00, 0x00, 0x00,
    0x00, 0x00, 0x00, 0x00, 0x00, 0x00, 0x00, 0x00, 0x00, 0x00, 0x00, 0x00,
    0x00, 0x00, 0x00, 0x00, 0x00, 0x00, 0x00, 0x00, 0x00, 0x00, 0x00, 0x00,
    0x00, 0x00, 0x00, 0x00, 0x00, 0x00, 0x00, 0x00, 0x00, 0x00, 0x00, 0x00,
    0x00, 0x00, 0x00, 0x00, 0x00, 0x00, 0x00, 0x00, 0x00, 0x00, 0x00, 0x00,
    0x00, 0x00, 0x00, 0x00, 0x00, 0x00, 0x00, 0x00, 0x00, 0x00, 0x00, 0x00,
    0x00, 0x00, 0x00, 0x00, 0x00, 0x00, 0x00, 0x00, 0x00, 0x00, 0x00, 0x00,
    0x00, 0x00, 0x00, 0x00, 0x00, 0x00, 0x00, 0x00, 0x00, 0x00, 0x00, 0x00,
    0x00, 0x00, 0x00, 0x00, 0x00, 0x00, 0x00, 0x00, 0x00, 0x00, 0x00, 0x00,
    0x00, 0x00, 0x00, 0x00, 0x00, 0x00, 0x00, 0x00, 0x00, 0x00, 0x00, 0x00,
    0x00, 0x00, 0x00, 0x00, 0x00, 0x00, 0x00, 0x00, 0x00, 0x00, 0x00, 0x00,
    0x00, 0x00, 0x00, 0x00, 0x00, 0x00, 0x00, 0x00, 0x00, 0x00, 0x00, 0x00,
    0x00, 0x00, 0x00, 0x00, 0x00, 0x00, 0x00, 0x00, 0x00, 0x00, 0x00, 0x00,
    0x00, 0x00, 0x00, 0x00, 0x00, 0x00, 0x00, 0x00, 0x00, 0x00, 0x00, 0x00,
    0x00, 0x00, 0x00, 0x00, 0x00, 0x00, 0x00, 0x00, 0x00, 0x00, 0x00, 0x00,
    0x00, 0x00, 0x00, 0x00, 0x00, 0x00, 0x00, 0x00, 0x00, 0x00, 0x00, 0x00,
    0x00, 0x00, 0x00, 0x00, 0x00, 0x00, 0x00, 0x00, 0x00, 0x00, 0x00, 0x00,
    0x00, 0x00, 0x00, 0x00, 0x00, 0x00, 0x00, 0x00, 0x00, 0x00, 0x00, 0x00,
    0x00, 0x00, 0x00, 0x00, 0x00, 0x00, 0x00, 0x00, 0x00, 0x00, 0x00, 0x00,
    0x00, 0x00, 0x00, 0x00, 0x00, 0x00, 0x00, 0x00, 0x00, 0x00, 0x00, 0x00,
    0x00, 0x00, 0x00, 0x00, 0x00, 0x00, 0x00, 0x00, 0x00, 0x00, 0x00, 0x00,
    0x00, 0x00, 0x00, 0x00, 0x00, 0x00, 0x00, 0x00, 0x00, 0x00, 0x00, 0x00,
    0x00, 0x00, 0x00, 0x00, 0x00, 0x00, 0x00, 0x00, 0x00, 0x00, 0x00, 0x00,
    0x00, 0x00, 0x00, 0x00, 0x00, 0x00, 0x00, 0x00, 0x00, 0x00, 0x00, 0x00,
    0x00, 0x00, 0x00, 0x00, 0x00, 0x00, 0x00, 0x00, 0x00, 0x00, 0x00, 0x00,
    0x00, 0x00, 0x00, 0x00, 0x00, 0x00, 0x00, 0x00, 0x00, 0x00, 0x00, 0x00,
    0x00, 0x00, 0x00, 0x00, 0x00, 0x00, 0x00, 0x00, 0x00, 0x00, 0x00, 0x00,
    0x00, 0x00, 0x00, 0x00, 0x00, 0x00, 0x00, 0x00, 0x00, 0x00, 0x00, 0x00,
    0x00, 0x00, 0x00, 0x00, 0x00, 0x00, 0x00, 0x00, 0x00, 0x00, 0x00, 0x00,
    0x00, 0x00, 0x00, 0x00, 0x00, 0x00, 0x00, 0x00, 0x00, 0x00, 0x00, 0x00,
    0x00, 0x00, 0x00, 0x00, 0x00, 0x00, 0x00, 0x00, 0x00, 0x00, 0x00, 0x00,
    0x00, 0x00, 0x00, 0x00, 0x00, 0x00, 0x00, 0x00, 0x00, 0x00, 0x00, 0x00,
    0x00, 0x00, 0x00, 0x00, 0x00, 0x00, 0x00, 0x00, 0x00, 0x00, 0x00, 0x00,
    0x00, 0x00, 0x00, 0x00, 0x00, 0x00, 0x00, 0x00, 0x00, 0x00, 0x00, 0x00,
    0x00, 0x00, 0x00, 0x00, 0x00, 0x00, 0x00, 0x00, 0x00, 0x00, 0x00, 0x00,
    0x00, 0x00, 0x00, 0x00, 0x00, 0x00, 0x00, 0x00, 0x00, 0x00, 0x00, 0x00,
    0x00, 0x00, 0x00, 0x00, 0x00, 0x00, 0x00, 0x00, 0x00, 0x00, 0x00, 0x00,
    0x00, 0x00, 0x00, 0x00, 0x00, 0x00, 0x00, 0x00, 0x00, 0x00, 0x00, 0x00,
    0x00, 0x00, 0x00, 0x00, 0x00, 0x00, 0x00, 0x00, 0x00, 0x00, 0x00, 0x00,
    0x00, 0x00, 0x00, 0x00, 0x00, 0x00, 0x00, 0x00, 0x00, 0x00, 0x00, 0x00,
    0x40, 0x00, 0x00, 0x00, 0x9a, 0xd2, 0xe0, 0x3b, 0x1f, 0x6f, 0x7c, 0x3b,
    0xfe, 0x92, 0xc2, 0x3b, 0x22, 0x6c, 0x6c, 0x3b, 0x56, 0x5d, 0xa2, 0x3b,
    0x9f, 0xea, 0x90, 0x3b, 0x61, 0xd2, 0xb2, 0x3b, 0x39, 0x60, 0xae, 0x3b,
    0xf6, 0x02, 0x96, 0x3b, 0x65, 0xe8, 0x8b, 0x3b, 0x46, 0xba, 0xe6, 0x3b,
    0x02, 0x71, 0xe0, 0x3b, 0x12, 0x84, 0x8c, 0x3b, 0x69, 0x42, 0x68, 0x3b,
    0xb5, 0xe0, 0x54, 0x3b, 0x1d, 0xf4, 0x95, 0x3b, 0x73, 0x88, 0x10, 0x3c,
    0xa1, 0xb7, 0xbe, 0x3b, 0x08, 0xd2, 0x95, 0x3b, 0xc9, 0x4b, 0xa3, 0x3b,
    0x89, 0x20, 0x36, 0x3b, 0x71, 0xc1, 0x69, 0x3b, 0x25, 0xed, 0x0e, 0x3c,
    0x67, 0x98, 0x9c, 0x3b, 0x14, 0x1a, 0xf6, 0x3b, 0xdb, 0x80, 0x56, 0x3b,
    0xe9, 0x98, 0x09, 0x3c, 0x2e, 0xb9, 0xd2, 0x3b, 0x48, 0x5d, 0x80, 0x3b,
    0xae, 0xa9, 0x67, 0x3b, 0x84, 0x27, 0xbf, 0x3b, 0x97, 0xb0, 0x81, 0x3b,
    0x4d, 0x08, 0x6c, 0x3b, 0xad, 0x67, 0x91, 0x3b, 0xb8, 0x97, 0x80, 0x3b,
    0x34, 0x1b, 0xd1, 0x3b, 0x1a, 0xb2, 0xf3, 0x3b, 0x9e, 0x8f, 0xed, 0x3b,
    0xcd, 0x89, 0x09, 0x3c, 0x6e, 0x58, 0x9b, 0x3b, 0xaf, 0xf6, 0x46, 0x3b,
    0x69, 0xfe, 0x68, 0x3b, 0x19, 0x49, 0x61, 0x3b, 0xeb, 0x86, 0x15, 0x3c,
    0x2c, 0xc3, 0x6e, 0x3b, 0x87, 0x65, 0x5e, 0x3b, 0x95, 0x10, 0x68, 0x3b,
    0xf3, 0x6d, 0x58, 0x3b, 0x64, 0x55, 0x5b, 0x3b, 0xb7, 0xf8, 0x8d, 0x3b,
    0x60, 0x50, 0x5a, 0x3b, 0x43, 0xf2, 0x11, 0x3b, 0x84, 0x75, 0x91, 0x3b,
    0xbf, 0x40, 0x02, 0x3c, 0x5a, 0x6b, 0x3d, 0x3b, 0x2d, 0x52, 0x47, 0x3b,
    0x4c, 0x44, 0x54, 0x3b, 0x54, 0xea, 0x43, 0x3b, 0x4e, 0xdb, 0x6c, 0x3b,
    0x71, 0x43, 0x6b, 0x3b, 0x25, 0xcf, 0x94, 0x3b, 0x68, 0x52, 0xc8, 0x3b,
    0x1c, 0xca, 0x6d, 0x3b, 0x96, 0xfc, 0x93, 0x3b, 0x29, 0x00, 0x00, 0x00,
    0x53, 0x75, 0x72, 0x76, 0x65, 0x69, 0x6c, 0x6c, 0x61, 0x6e, 0x63, 0x65,
    0x5f, 0x53, 0x45, 0x5f, 0x44, 0x53, 0x5f, 0x43, 0x4e, 0x4e, 0x5f, 0x31,
    0x2f, 0x64, 0x65, 0x6e, 0x73, 0x65, 0x5f, 0x33, 0x5f, 0x31, 0x2f, 0x4d,
    0x61, 0x74, 0x4d, 0x75, 0x6c, 0x00, 0x00, 0x00, 0x02, 0x00, 0x00, 0x00,
    0x40, 0x00, 0x00, 0x00, 0x08, 0x00, 0x00, 0x00, 0xda, 0xfb, 0xff, 0xff,
    0x00, 0x00, 0x00, 0x01, 0x14, 0x00, 0x00, 0x00, 0x18, 0x01, 0x00, 0x00,
    0x09, 0x00, 0x00, 0x00, 0x00, 0x00, 0x00, 0x09, 0x3c, 0x01, 0x00, 0x00,
    0x54, 0xfb, 0xff, 0xff, 0x08, 0x00, 0x00, 0x00, 0xac, 0x00, 0x00, 0x00,
    0x14, 0x00, 0x00, 0x00, 0x00, 0x00, 0x00, 0x00, 0x00, 0x00, 0x00, 0x00,
    0x00, 0x00, 0x00, 0x00, 0x00, 0x00, 0x00, 0x00, 0x00, 0x00, 0x00, 0x00,
    0x00, 0x00, 0x00, 0x00, 0x00, 0x00, 0x00, 0x00, 0x00, 0x00, 0x00, 0x00,
    0x00, 0x00, 0x00, 0x00, 0x00, 0x00, 0x00, 0x00, 0x00, 0x00, 0x00, 0x00,
    0x00, 0x00, 0x00, 0x00, 0x00, 0x00, 0x00, 0x00, 0x00, 0x00, 0x00, 0x00,
    0x00, 0x00, 0x00, 0x00, 0x00, 0x00, 0x00, 0x00, 0x00, 0x00, 0x00, 0x00,
    0x00, 0x00, 0x00, 0x00, 0x00, 0x00, 0x00, 0x00, 0x00, 0x00, 0x00, 0x00,
    0x00, 0x00, 0x00, 0x00, 0x00, 0x00, 0x00, 0x00, 0x00, 0x00, 0x00, 0x00,
    0x00, 0x00, 0x00, 0x00, 0x00, 0x00, 0x00, 0x00, 0x00, 0x00, 0x00, 0x00,
    0x00, 0x00, 0x00, 0x00, 0x00, 0x00, 0x00, 0x00, 0x00, 0x00, 0x00, 0x00,
    0x00, 0x00, 0x00, 0x00, 0x00, 0x00, 0x00, 0x00, 0x00, 0x00, 0x00, 0x00,
    0x00, 0x00, 0x00, 0x00, 0x00, 0x00, 0x00, 0x00, 0x00, 0x00, 0x00, 0x00,
    0x00, 0x00, 0x00, 0x00, 0x00, 0x00, 0x00, 0x00, 0x00, 0x00, 0x00, 0x00,
    0x00, 0x00, 0x00, 0x00, 0x00, 0x00, 0x00, 0x00, 0x00, 0x00, 0x00, 0x00,
    0x14, 0x00, 0x00, 0x00, 0x2b, 0x21, 0xf5, 0x3b, 0xd8, 0xdc, 0xbc, 0x3b,
    0xb0, 0x9d, 0xb1, 0x3b, 0x55, 0x5a, 0xa4, 0x3b, 0x12, 0x26, 0xb0, 0x3b,
    0x70, 0x13, 0xa7, 0x3b, 0xb8, 0xe5, 0x9f, 0x3b, 0x44, 0x19, 0xa9, 0x3b,
    0x82, 0x6e, 0xb4, 0x3b, 0x8f, 0x5b, 0xa8, 0x3b, 0xf7, 0xe8, 0xb1, 0x3b,
    0x99, 0x4e, 0x98, 0x3b, 0x73, 0xf6, 0xe4, 0x3b, 0xf6, 0x48, 0x89, 0x3b,
    0xc1, 0xc3, 0xca, 0x3b, 0x93, 0x76, 0xca, 0x3b, 0x75, 0xcb, 0xc6, 0x3b,
    0x1c, 0xc8, 0xdc, 0x3b, 0x55, 0x17, 0xab, 0x3b, 0xfc, 0x6a, 0x8f, 0x3b,
    0x29, 0x00, 0x00, 0x00, 0x53, 0x75, 0x72, 0x76, 0x65, 0x69, 0x6c, 0x6c,
    0x61, 0x6e, 0x63, 0x65, 0x5f, 0x53, 0x45, 0x5f, 0x44, 0x53, 0x5f, 0x43,
    0x4e, 0x4e, 0x5f, 0x31, 0x2f, 0x64, 0x65, 0x6e, 0x73, 0x65, 0x5f, 0x34,
    0x5f, 0x31, 0x2f, 0x4d, 0x61, 0x74, 0x4d, 0x75, 0x6c, 0x00, 0x00, 0x00,
    0x02, 0x00, 0x00, 0x00, 0x14, 0x00, 0x00, 0x00, 0x40, 0x00, 0x00, 0x00,
    0x3a, 0xfd, 0xff, 0xff, 0x00, 0x00, 0x00, 0x01, 0x14, 0x00, 0x00, 0x00,
    0x14, 0x01, 0x00, 0x00, 0x08, 0x00, 0x00, 0x00, 0x00, 0x00, 0x00, 0x02,
    0x38, 0x01, 0x00, 0x00, 0xb4, 0xfc, 0xff, 0xff, 0x08, 0x00, 0x00, 0x00,
    0xa8, 0x00, 0x00, 0x00, 0x14, 0x00, 0x00, 0x00, 0x00, 0x00, 0x00, 0x00,
    0x00, 0x00, 0x00, 0x00, 0x00, 0x00, 0x00, 0x00, 0x00, 0x00, 0x00, 0x00,
    0x00, 0x00, 0x00, 0x00, 0x00, 0x00, 0x00, 0x00, 0x00, 0x00, 0x00, 0x00,
    0x00, 0x00, 0x00, 0x00, 0x00, 0x00, 0x00, 0x00, 0x00, 0x00, 0x00, 0x00,
    0x00, 0x00, 0x00, 0x00, 0x00, 0x00, 0x00, 0x00, 0x00, 0x00, 0x00, 0x00,
    0x00, 0x00, 0x00, 0x00, 0x00, 0x00, 0x00, 0x00, 0x00, 0x00, 0x00, 0x00,
    0x00, 0x00, 0x00, 0x00, 0x00, 0x00, 0x00, 0x00, 0x00, 0x00, 0x00, 0x00,
    0x00, 0x00, 0x00, 0x00, 0x00, 0x00, 0x00, 0x00, 0x00, 0x00, 0x00, 0x00,
    0x00, 0x00, 0x00, 0x00, 0x00, 0x00, 0x00, 0x00, 0x00, 0x00, 0x00, 0x00,
    0x00, 0x00, 0x00, 0x00, 0x00, 0x00, 0x00, 0x00, 0x00, 0x00, 0x00, 0x00,
    0x00, 0x00, 0x00, 0x00, 0x00, 0x00, 0x00, 0x00, 0x00, 0x00, 0x00, 0x00,
    0x00, 0x00, 0x00, 0x00, 0x00, 0x00, 0x00, 0x00, 0x00, 0x00, 0x00, 0x00,
    0x00, 0x00, 0x00, 0x00, 0x00, 0x00, 0x00, 0x00, 0x00, 0x00, 0x00, 0x00,
    0x00, 0x00, 0x00, 0x00, 0x00, 0x00, 0x00, 0x00, 0x00, 0x00, 0x00, 0x00,
    0x14, 0x00, 0x00, 0x00, 0xc6, 0x25, 0xab, 0x38, 0xca, 0xdc, 0x83, 0x38,
    0x2a, 0x05, 0x78, 0x38, 0xf2, 0x7f, 0x65, 0x38, 0xa9, 0xf8, 0x75, 0x38,
    0x5f, 0x4d, 0x69, 0x38, 0x36, 0x47, 0x5f, 0x38, 0x75, 0x20, 0x6c, 0x38,
    0xb5, 0xf3, 0x7b, 0x38, 0x8e, 0x17, 0x6b, 0x38, 0x48, 0x6e, 0x78, 0x38,
    0xde, 0xad, 0x54, 0x38, 0x27, 0xdc, 0x9f, 0x38, 0xe1, 0xb3, 0x3f, 0x38,
    0x97, 0x91, 0x8d, 0x38, 0xb4, 0x5b, 0x8d, 0x38, 0x05, 0xcc, 0x8a, 0x38,
    0xe7, 0x25, 0x9a, 0x38, 0xb5, 0xe8, 0x6e, 0x38, 0x3c, 0x44, 0x48, 0x38,
    0x2a, 0x00, 0x00, 0x00, 0x53, 0x75, 0x72, 0x76, 0x65, 0x69, 0x6c, 0x6c,
    0x61, 0x6e, 0x63, 0x65, 0x5f, 0x53, 0x45, 0x5f, 0x44, 0x53, 0x5f, 0x43,
    0x4e, 0x4e, 0x5f, 0x31, 0x2f, 0x64, 0x65, 0x6e, 0x73, 0x65, 0x5f, 0x34,
    0x5f, 0x31, 0x2f, 0x42, 0x69, 0x61, 0x73, 0x41, 0x64, 0x64, 0x00, 0x00,
    0x01, 0x00, 0x00, 0x00, 0x14, 0x00, 0x00, 0x00, 0x92, 0xfe, 0xff, 0xff,
    0x00, 0x00, 0x00, 0x01, 0x14, 0x00, 0x00, 0x00, 0x14, 0x00, 0x00, 0x00,
    0x07, 0x00, 0x00, 0x00, 0x00, 0x00, 0x00, 0x02, 0x44, 0x00, 0x00, 0x00,
    0x7c, 0xfe, 0xff, 0xff, 0x34, 0x00, 0x00, 0x00, 0x53, 0x75, 0x72, 0x76,
    0x65, 0x69, 0x6c, 0x6c, 0x61, 0x6e, 0x63, 0x65, 0x5f, 0x53, 0x45, 0x5f,
    0x44, 0x53, 0x5f, 0x43, 0x4e, 0x4e, 0x5f, 0x31, 0x2f, 0x72, 0x65, 0x73,
    0x68, 0x61, 0x70, 0x65, 0x5f, 0x31, 0x5f, 0x32, 0x2f, 0x52, 0x65, 0x73,
    0x68, 0x61, 0x70, 0x65, 0x2f, 0x73, 0x68, 0x61, 0x70, 0x65, 0x2f, 0x33,
    0x00, 0x00, 0x00, 0x00, 0x00, 0x00, 0x00, 0x00, 0xf2, 0xfe, 0xff, 0xff,
    0x00, 0x00, 0x00, 0x01, 0x14, 0x00, 0x00, 0x00, 0x14, 0x00, 0x00, 0x00,
    0x06, 0x00, 0x00, 0x00, 0x00, 0x00, 0x00, 0x02, 0x40, 0x00, 0x00, 0x00,
    0xdc, 0xfe, 0xff, 0xff, 0x32, 0x00, 0x00, 0x00, 0x53, 0x75, 0x72, 0x76,
    0x65, 0x69, 0x6c, 0x6c, 0x61, 0x6e, 0x63, 0x65, 0x5f, 0x53, 0x45, 0x5f,
    0x44, 0x53, 0x5f, 0x43, 0x4e, 0x4e, 0x5f, 0x31, 0x2f, 0x72, 0x65, 0x73,
    0x68, 0x61, 0x70, 0x65, 0x5f, 0x31, 0x2f, 0x52, 0x65, 0x73, 0x68, 0x61,
    0x70, 0x65, 0x2f, 0x73, 0x68, 0x61, 0x70, 0x65, 0x2f, 0x33, 0x00, 0x00,
    0x00, 0x00, 0x00, 0x00, 0x4e, 0xff, 0xff, 0xff, 0x00, 0x00, 0x00, 0x01,
    0x14, 0x00, 0x00, 0x00, 0x14, 0x00, 0x00, 0x00, 0x04, 0x00, 0x00, 0x00,
    0x00, 0x00, 0x00, 0x02, 0x1c, 0x00, 0x00, 0x00, 0x38, 0xff, 0xff, 0xff,
    0x0f, 0x00, 0x00, 0x00, 0x61, 0x72, 0x69, 0x74, 0x68, 0x2e, 0x63, 0x6f,
    0x6e, 0x73, 0x74, 0x61, 0x6e, 0x74, 0x31, 0x00, 0x00, 0x00, 0x00, 0x00,
    0x86, 0xff, 0xff, 0xff, 0x00, 0x00, 0x00, 0x01, 0x14, 0x00, 0x00, 0x00,
    0x14, 0x00, 0x00, 0x00, 0x04, 0x00, 0x00, 0x00, 0x00, 0x00, 0x00, 0x02,
    0x1c, 0x00, 0x00, 0x00, 0x70, 0xff, 0xff, 0xff, 0x0f, 0x00, 0x00, 0x00,
    0x61, 0x72, 0x69, 0x74, 0x68, 0x2e, 0x63, 0x6f, 0x6e, 0x73, 0x74, 0x61,
    0x6e, 0x74, 0x33, 0x00, 0x01, 0x00, 0x00, 0x00, 0x01, 0x00, 0x00, 0x00,
    0xc2, 0xff, 0xff, 0xff, 0x00, 0x00, 0x00, 0x01, 0x14, 0x00, 0x00, 0x00,
    0x14, 0x00, 0x00, 0x00, 0x03, 0x00, 0x00, 0x00, 0x00, 0x00, 0x00, 0x02,
    0x1c, 0x00, 0x00, 0x00, 0xac, 0xff, 0xff, 0xff, 0x0f, 0x00, 0x00, 0x00,
    0x61, 0x72, 0x69, 0x74, 0x68, 0x2e, 0x63, 0x6f, 0x6e, 0x73, 0x74, 0x61,
    0x6e, 0x74, 0x32, 0x00, 0x01, 0x00, 0x00, 0x00, 0x01, 0x00, 0x00, 0x00,
    0x00, 0x00, 0x16, 0x00, 0x1c, 0x00, 0x18, 0x00, 0x17, 0x00, 0x10, 0x00,
    0x0c, 0x00, 0x08, 0x00, 0x00, 0x00, 0x00, 0x00, 0x00, 0x00, 0x07, 0x00,
    0x16, 0x00, 0x00, 0x00, 0x00, 0x00, 0x00, 0x01, 0x18, 0x00, 0x00, 0x00,
    0x18, 0x00, 0x00, 0x00, 0x02, 0x00, 0x00, 0x00, 0x00, 0x00, 0x00, 0x02,
    0x20, 0x00, 0x00, 0x00, 0x04, 0x00, 0x04, 0x00, 0x04, 0x00, 0x00, 0x00,
    0x0e, 0x00, 0x00, 0x00, 0x61, 0x72, 0x69, 0x74, 0x68, 0x2e, 0x63, 0x6f,
    0x6e, 0x73, 0x74, 0x61, 0x6e, 0x74, 0x00, 0x00, 0x01, 0x00, 0x00, 0x00,
    0x02, 0x00, 0x00, 0x00, 0x00, 0x00, 0x16, 0x00, 0x20, 0x00, 0x1c, 0x00,
    0x1b, 0x00, 0x14, 0x00, 0x10, 0x00, 0x0c, 0x00, 0x00, 0x00, 0x00, 0x00,
    0x08, 0x00, 0x07, 0x00, 0x16, 0x00, 0x00, 0x00, 0x00, 0x00, 0x00, 0x01,
    0x18, 0x00, 0x00, 0x00, 0x34, 0x00, 0x00, 0x00, 0x54, 0x00, 0x00, 0x00,
    0x01, 0x00, 0x00, 0x00, 0x00, 0x00, 0x00, 0x09, 0x6c, 0x00, 0x00, 0x00,
    0x04, 0x00, 0x00, 0x00, 0xff, 0xff, 0xff, 0xff, 0x28, 0x00, 0x00, 0x00,
    0x2f, 0x00, 0x00, 0x00, 0x01, 0x00, 0x00, 0x00, 0x0c, 0x00, 0x0c, 0x00,
    0x00, 0x00, 0x00, 0x00, 0x08, 0x00, 0x04, 0x00, 0x0c, 0x00, 0x00, 0x00,
    0x08, 0x00, 0x00, 0x00, 0x14, 0x00, 0x00, 0x00, 0x01, 0x00, 0x00, 0x00,
    0x80, 0xff, 0xff, 0xff, 0xff, 0xff, 0xff, 0xff, 0x00, 0x00, 0x00, 0x00,
    0x01, 0x00, 0x00, 0x00, 0x7c, 0x80, 0x80, 0x3b, 0x1e, 0x00, 0x00, 0x00,
    0x73, 0x65, 0x72, 0x76, 0x69, 0x6e, 0x67, 0x5f, 0x64, 0x65, 0x66, 0x61,
    0x75, 0x6c, 0x74, 0x5f, 0x6b, 0x65, 0x72, 0x61, 0x73, 0x5f, 0x74, 0x65,
    0x6e, 0x73, 0x6f, 0x72, 0x3a, 0x30, 0x00, 0x00, 0x04, 0x00, 0x00, 0x00,
    0x01, 0x00, 0x00, 0x00, 0x28, 0x00, 0x00, 0x00, 0x2f, 0x00, 0x00, 0x00,
    0x01, 0x00, 0x00, 0x00, 0x0c, 0x00, 0x00, 0x00, 0xe8, 0x00, 0x00, 0x00,
    0xc8, 0x00, 0x00, 0x00, 0xb4, 0x00, 0x00, 0x00, 0xa0, 0x00, 0x00, 0x00,
    0x8c, 0x00, 0x00, 0x00, 0x78, 0x00, 0x00, 0x00, 0x68, 0x00, 0x00, 0x00,
    0x4c, 0x00, 0x00, 0x00, 0x3c, 0x00, 0x00, 0x00, 0x2c, 0x00, 0x00, 0x00,
    0x18, 0x00, 0x00, 0x00, 0x04, 0x00, 0x00, 0x00, 0x54, 0xff, 0xff, 0xff,
    0x19, 0x00, 0x00, 0x00, 0x02, 0x00, 0x00, 0x00, 0x00, 0x00, 0x00, 0x19,
    0x64, 0xff, 0xff, 0xff, 0x12, 0x00, 0x00, 0x00, 0x02, 0x00, 0x00, 0x00,
    0x00, 0x00, 0x00, 0x12, 0xdc, 0xff, 0xff, 0xff, 0x16, 0x00, 0x00, 0x00,
    0x00, 0x00, 0x00, 0x16, 0xe8, 0xff, 0xff, 0xff, 0x53, 0x00, 0x00, 0x00,
    0x00, 0x00, 0x00, 0x53, 0xf4, 0xff, 0xff, 0xff, 0x2d, 0x00, 0x00, 0x00,
    0x00, 0x00, 0x00, 0x2d, 0x0c, 0x00, 0x0c, 0x00, 0x0b, 0x00, 0x00, 0x00,
    0x00, 0x00, 0x04, 0x00, 0x0c, 0x00, 0x00, 0x00, 0x4d, 0x00, 0x00, 0x00,
    0x00, 0x00, 0x00, 0x4d, 0xb0, 0xff, 0xff, 0xff, 0x0e, 0x00, 0x00, 0x00,
    0x02, 0x00, 0x00, 0x00, 0x00, 0x00, 0x00, 0x0e, 0xc0, 0xff, 0xff, 0xff,
    0x09, 0x00, 0x00, 0x00, 0x04, 0x00, 0x00, 0x00, 0x00, 0x00, 0x00, 0x09,
    0xd0, 0xff, 0xff, 0xff, 0x28, 0x00, 0x00, 0x00, 0x02, 0x00, 0x00, 0x00,
    0x00, 0x00, 0x00, 0x28, 0xe0, 0xff, 0xff, 0xff, 0x04, 0x00, 0x00, 0x00,
    0x03, 0x00, 0x00, 0x00, 0x00, 0x00, 0x00, 0x04, 0xf0, 0xff, 0xff, 0xff,
    0x11, 0x00, 0x00, 0x00, 0x02, 0x00, 0x00, 0x00, 0x00, 0x00, 0x00, 0x11,
    0x0c, 0x00, 0x10, 0x00, 0x0f, 0x00, 0x00, 0x00, 0x08, 0x00, 0x04, 0x00,
    0x0c, 0x00, 0x00, 0x00, 0x03, 0x00, 0x00, 0x00, 0x03, 0x00, 0x00, 0x00,
    0x00, 0x00, 0x00, 0x03,
};
const unsigned int g_model_len = 28096;

#endif // MODEL_DATA_H
